RESP_FINAL;VIDEOS;CATEGORY;SCF1R;SCF1_MOY;ETHNI_USR;HAIR_LENGTHR;HAIR_THICKNESSR;HAIR_TYPER;HAIR_GREYR;filename;eval_cluster;single_cluster;Image_SkinCluster
2085;1;Medium;3;55;1;5;3;6;2;208503_81.jpg;1;VRAI;1
2255;1;Dark;3;58;2;3;3;3;1;225503_81.jpg;5;FAUX;5
4051;1;Medium;2;49;1;5;3;6;2;405103_81.jpg;3;FAUX;1
4215;1;Dark;1;26;7;3;4;3;1;421503_81.jpg;5;VRAI;5
4129;1;Dark;2;49;4;7;3;6;2;412903_81.jpg;3;VRAI;3
4008;1;Dark;1;31;1;4;4;4;2;400803_81.jpg;2;VRAI;2
4010;1;Dark;1;26;1;6;3;3;1;401003_81.jpg;1;FAUX;1
4096;1;Dark;1;27;4;6;4;3;1;409603_81.jpg;2;FAUX;1
4131;1;Dark;2;43;4;5;4;3;1;413103_81.jpg;3;FAUX;3
4007;1;Medium;3;57;1;5;4;5;3;400703_81.jpg;2;VRAI;2
4003;1;Light;3;56;1;4;3;3;2;400303_81.jpg;2;VRAI;1
4122;1;Dark;1;33;4;6;4;2;2;412203_81.jpg;3;VRAI;1
4089;1;Dark;1;27;4;6;4;3;1;408903_81.jpg;2;FAUX;1
4047;1;Dark;2;40;3;5;2;3;1;404703_81.jpg;1;VRAI;1
4088;1;Dark;1;29;4;7;2;6;1;408803_81.jpg;1;FAUX;1
4085;1;Dark;2;48;4;4;3;3;1;408503_81.jpg;3;VRAI;1
4048;1;Dark;1;26;3;6;3;3;1;404803_81.jpg;3;FAUX;1
4126;1;Dark;2;49;4;4;1;5;3;412603_81.jpg;3;FAUX;3
4044;1;Dark;1;36;3;5;4;3;1;404403_81.jpg;2;VRAI;1
4162;1;Dark;3;56;4;6;3;6;1;416203_81.jpg;4;FAUX;2
4083;1;Medium;3;51;7;4;4;3;2;408303_81.jpg;3;FAUX;1
4161;1;Medium;3;50;4;6;3;3;2;416103_81.jpg;4;FAUX;3
4045;1;Dark;1;36;4;4;4;4;1;404503_81.jpg;3;FAUX;1
4041;1;Medium;1;27;4;6;2;2;2;404103_81.jpg;2;FAUX;1
4095;1;Dark;2;48;4;3;3;6;1;409503_81.jpg;3;VRAI;1
4043;1;Medium;1;29;1;4;4;4;1;404303_81.jpg;1;VRAI;1
4053;1;Dark;2;49;1;7;3;6;3;405303_81.jpg;3;FAUX;3
4052;1;Dark;4;66;4;2;3;6;1;405203_81.jpg;2;VRAI;1
4004;1;Medium;1;25;1;5;3;3;1;400403_81.jpg;1;FAUX;1
2232;1;Dark;4;60;2;2;3;3;4;223203_81.jpg;5;VRAI;5
4216;1;Dark;3;51;2;6;5;2;1;421603_81.jpg;6;FAUX;5
4094;1;Dark;1;26;4;3;3;6;1;409403_81.jpg;3;FAUX;1
4128;1;Medium;2;45;4;5;3;4;2;412803_81.jpg;4;VRAI;2
4092;1;Dark;2;49;4;5;2;1;2;409203_81.jpg;3;FAUX;1
4093;1;Dark;1;28;4;7;5;4;1;409303_81.jpg;3;VRAI;3
4009;1;Dark;1;38;3;5;3;3;1;400903_81.jpg;1;FAUX;1
4050;1;Medium;3;52;1;5;2;6;2;405003_81.jpg;1;VRAI;1
4091;1;Dark;3;58;4;6;2;3;3;409103_81.jpg;3;FAUX;1
4049;1;Dark;3;58;3;2;2;3;2;404903_81.jpg;2;VRAI;1
4042;1;Dark;1;25;3;6;3;3;1;404203_81.jpg;2;VRAI;1
4127;1;Dark;4;65;4;2;3;4;2;412703_81.jpg;3;FAUX;1
4046;1;Medium;1;29;1;7;4;4;1;404603_81.jpg;2;FAUX;1
4124;1;Medium;3;56;3;7;2;4;2;412403_81.jpg;2;FAUX;3
4214;1;Dark;4;64;7;2;4;6;4;421403_81.jpg;5;VRAI;4
4121;1;Light;3;55;7;3;3;3;2;412103_81.jpg;3;FAUX;1
4001;1;Light;1;26;1;7;3;2;1;400103_81.jpg;1;VRAI;1
4081;1;Dark;3;59;7;4;4;4;2;408103_81.jpg;3;VRAI;3
4123;1;Dark;4;63;4;4;3;4;2;412303_81.jpg;3;FAUX;3
4002;1;Light;2;48;1;7;5;5;2;400203_81.jpg;3;FAUX;3
4090;1;Dark;1;32;4;7;3;3;1;409003_81.jpg;4;VRAI;2
4084;1;Dark;2;40;5;7;4;6;1;408403_81.jpg;4;FAUX;3
4097;1;Medium;1;25;4;6;3;3;2;409703_81.jpg;2;FAUX;1
4098;1;Dark;1;38;4;7;3;4;1;409803_81.jpg;3;FAUX;3
4011;1;Dark;2;43;3;6;4;3;1;401103_81.jpg;1;VRAI;1
4099;1;Medium;2;41;4;5;3;4;1;409903_81.jpg;3;FAUX;1
4012;1;Light;3;57;1;3;4;3;1;401203_81.jpg;2;VRAI;1
4006;1;Dark;1;35;1;6;4;4;1;400603_81.jpg;2;VRAI;1
4013;1;Light;2;41;1;5;4;3;1;401303_81.jpg;2;FAUX;2
4100;1;Medium;2;47;4;5;2;3;2;410003_81.jpg;4;FAUX;2
4101;1;Dark;3;54;3;3;3;3;3;410103_81.jpg;3;FAUX;3
2222;1;Medium;3;59;2;4;3;3;1;222203_81.jpg;6;VRAI;5
2077;1;Medium;4;60;1;3;3;6;1;207703_81.jpg;1;VRAI;1
2083;1;Light;4;66;1;3;3;3;5;208303_81.jpg;2;FAUX;1
2082;1;Dark;4;60;1;7;2;3;2;208203_81.jpg;2;VRAI;1
2084;1;Light;3;59;1;5;3;6;2;208403_81.jpg;1;VRAI;1
2088;1;Medium;2;43;1;6;3;3;1;208803_81.jpg;4;FAUX;3
2189;1;Dark;1;26;4;6;4;3;1;218903_81.jpg;2;FAUX;1
2139;1;Medium;2;49;4;6;3;3;5;213903_81.jpg;4;FAUX;3
2223;1;Medium;1;39;2;6;2;4;1;222303_81.jpg;5;VRAI;4
2142;1;Dark;2;43;4;5;3;6;1;214203_81.jpg;4;FAUX;4
2217;1;Dark;3;55;2;2;4;3;3;221703_81.jpg;5;FAUX;5
2233;1;Dark;3;59;2;3;3;3;3;223303_81.jpg;6;VRAI;5
2089;1;Medium;3;55;1;5;1;2;3;208903_81.jpg;3;FAUX;2
2148;1;Dark;2;45;4;5;3;6;2;214803_81.jpg;4;VRAI;4
2154;1;Dark;1;31;4;6;3;6;1;215403_81.jpg;2;VRAI;1
2143;1;Dark;2;43;4;4;2;3;2;214303_81.jpg;2;FAUX;3
2224;1;Dark;4;60;2;2;2;4;4;222403_81.jpg;4;VRAI;4
2159;1;Medium;2;46;4;4;1;2;1;215903_81.jpg;3;FAUX;3
4132;1;Dark;2;47;1;6;3;2;1;413203_81.jpg;4;FAUX;3
2155;1;Medium;3;59;4;3;1;3;4;215503_81.jpg;3;FAUX;3
2152;1;Medium;1;25;4;6;3;3;2;215203_81.jpg;4;FAUX;2
4015;1;Dark;1;33;1;6;3;3;1;401503_81.jpg;1;VRAI;1
4102;1;Dark;3;52;4;5;3;3;1;410203_81.jpg;2;FAUX;2
4103;1;Dark;1;34;4;5;3;3;1;410303_81.jpg;3;VRAI;3
2190;1;Dark;2;48;5;5;3;3;1;219003_81.jpg;4;VRAI;3
2187;1;Dark;1;27;4;6;3;3;1;218703_81.jpg;4;FAUX;4
2188;1;Medium;3;59;4;5;2;3;3;218803_81.jpg;3;FAUX;1
2117;1;Medium;1;25;1;5;3;3;1;211703_81.jpg;1;VRAI;1
4054;1;Medium;1;33;4;6;2;6;1;405403_81.jpg;2;VRAI;1
4163;1;Dark;2;44;3;5;2;2;2;416303_81.jpg;4;VRAI;4
4016;1;Dark;4;67;3;4;3;6;2;401603_81.jpg;1;FAUX;1
2192;1;Dark;2;42;4;4;4;4;2;219203_81.jpg;4;FAUX;3
2042;1;Light;4;62;1;3;3;3;6;204203_81.jpg;3;FAUX;1
2041;1;Dark;3;54;1;2;2;3;4;204103_81.jpg;1;FAUX;1
2098;1;Medium;3;53;1;4;1;2;4;209803_81.jpg;2;VRAI;2
2044;1;Light;3;55;1;4;4;4;3;204403_81.jpg;1;FAUX;1
2007;1;Dark;2;42;1;5;1;3;1;200703_81.jpg;3;FAUX;3
2043;1;Dark;2;46;1;5;5;2;5;204303_81.jpg;2;FAUX;3
2012;1;Medium;4;61;1;2;1;2;2;201203_81.jpg;2;VRAI;1
2094;1;Dark;1;37;1;5;3;4;2;209403_81.jpg;3;FAUX;3
2220;1;Dark;1;34;2;5;4;4;2;222003_81.jpg;3;FAUX;3
2219;1;Dark;3;54;2;5;4;3;2;221903_81.jpg;5;VRAI;4
2021;1;Medium;3;56;1;6;3;3;2;202103_81.jpg;3;FAUX;3
2092;1;Medium;3;57;1;4;2;2;2;209203_81.jpg;4;VRAI;4
2179;1;Dark;1;28;4;3;3;3;1;217903_81.jpg;3;FAUX;3
2040;1;Dark;3;50;1;3;2;3;4;204003_81.jpg;2;FAUX;2
2081;1;Dark;1;37;1;6;3;6;3;208103_81.jpg;2;VRAI;2
2008;1;Medium;1;35;1;6;3;3;1;200803_81.jpg;2;FAUX;3
2017;1;Dark;3;59;5;5;3;3;1;201703_81.jpg;3;VRAI;3
2216;1;Medium;4;61;2;3;5;3;5;221603_81.jpg;6;VRAI;6
2253;1;Medium;3;59;2;4;3;4;4;225303_81.jpg;5;FAUX;5
2221;1;Dark;2;48;2;2;4;3;1;222103_81.jpg;6;VRAI;5
2045;1;Medium;3;59;1;4;4;4;5;204503_81.jpg;1;VRAI;1
2004;1;Medium;2;49;1;4;3;6;2;200403_81.jpg;2;VRAI;3
2020;1;Medium;3;52;1;3;4;5;3;202003_81.jpg;3;FAUX;1
2018;1;Dark;1;34;1;5;4;3;4;201803_81.jpg;3;FAUX;1
2254;1;Light;3;59;2;4;2;3;2;225403_81.jpg;5;VRAI;5
2191;1;Dark;1;27;2;5;4;4;1;219103_81.jpg;4;VRAI;4
2078;1;Dark;1;39;1;6;1;4;5;207803_81.jpg;4;FAUX;3
2225;1;Dark;4;67;2;2;3;3;1;222503_81.jpg;6;VRAI;6
2160;1;Dark;3;59;4;4;3;6;2;216003_81.jpg;4;VRAI;4
2002;1;Medium;1;30;1;5;3;3;1;200203_81.jpg;2;FAUX;1
2006;1;Dark;2;41;1;7;4;3;1;200603_81.jpg;2;VRAI;2
2150;1;Dark;3;55;4;6;3;3;1;215003_81.jpg;3;FAUX;3
2022;1;Medium;2;49;1;4;3;6;3;202203_81.jpg;2;FAUX;1
2075;1;Dark;2;45;3;5;2;3;2;207503_81.jpg;4;VRAI;2
2175;1;Dark;1;37;4;6;3;3;1;217503_81.jpg;1;FAUX;1
2252;1;Dark;4;62;2;2;3;3;1;225203_81.jpg;5;VRAI;4
2076;1;Light;4;68;1;6;4;4;2;207603_81.jpg;2;FAUX;3
2113;1;Medium;3;59;1;5;1;1;2;211303_81.jpg;3;FAUX;1
2193;1;Medium;3;50;4;6;1;3;2;219303_81.jpg;5;VRAI;4
2229;1;Dark;1;36;2;7;4;4;1;222903_81.jpg;6;VRAI;6
2047;1;Dark;1;32;1;3;2;4;2;204703_81.jpg;4;FAUX;3
2046;1;Dark;4;66;1;5;4;5;3;204603_81.jpg;4;FAUX;4
2003;1;Dark;1;36;1;3;5;4;2;200303_81.jpg;1;VRAI;1
2116;1;Light;4;65;1;4;2;3;3;211603_81.jpg;2;FAUX;2
2091;1;Light;3;58;1;7;3;3;2;209103_81.jpg;2;VRAI;1
2048;1;Dark;1;38;4;6;3;3;1;204803_81.jpg;4;FAUX;3
2137;1;Dark;2;44;4;4;3;6;2;213703_81.jpg;4;FAUX;2
2144;1;Dark;4;67;4;4;3;3;1;214403_81.jpg;2;VRAI;2
2039;1;Medium;1;25;1;6;4;4;1;203903_81.jpg;2;FAUX;2
2073;1;Dark;2;43;4;5;4;6;3;207303_81.jpg;4;VRAI;2
2074;1;Dark;2;42;4;6;2;3;2;207403_81.jpg;3;VRAI;3
2226;1;Dark;3;58;2;2;4;3;2;222603_81.jpg;6;VRAI;5
2251;1;Dark;3;54;2;2;2;3;1;225103_81.jpg;5;VRAI;5
2103;1;Light;1;37;1;6;3;3;1;210303_81.jpg;2;VRAI;2
2072;1;Medium;4;69;1;4;2;4;3;207203_81.jpg;1;VRAI;1
2257;1;Dark;1;36;2;2;4;4;2;225703_81.jpg;6;VRAI;5
2256;1;Dark;2;49;2;2;3;3;5;225603_81.jpg;6;VRAI;5
2182;1;Dark;1;25;2;5;3;4;3;218203_81.jpg;5;FAUX;5
2049;1;Light;2;48;1;4;3;2;1;204903_81.jpg;2;FAUX;2
2231;1;Dark;4;68;2;2;3;3;1;223103_81.jpg;6;VRAI;6
2258;1;Dark;1;31;2;3;4;6;1;225803_81.jpg;5;VRAI;5
2051;1;Medium;4;63;1;3;3;6;5;205103_81.jpg;3;FAUX;1
2005;1;Dark;4;68;1;5;2;4;5;200503_81.jpg;3;VRAI;1
2105;1;Medium;4;68;1;5;3;6;2;210503_81.jpg;2;FAUX;2
2110;1;Medium;1;35;1;5;4;3;1;211003_81.jpg;3;FAUX;3
2009;1;Dark;3;53;1;6;4;3;2;200903_81.jpg;2;VRAI;2
2010;1;Dark;2;48;1;3;4;3;3;201003_81.jpg;4;VRAI;2
2259;1;Dark;4;67;2;3;3;4;2;225903_81.jpg;6;VRAI;6
2170;1;Medium;4;69;4;6;3;3;5;217003_81.jpg;3;FAUX;3
2097;1;Dark;1;36;1;6;3;3;1;209703_81.jpg;2;FAUX;2
2052;1;Dark;3;50;4;6;4;6;2;205203_81.jpg;4;FAUX;3
2236;1;Dark;3;51;2;4;4;4;1;223603_81.jpg;5;VRAI;4
2053;1;Dark;1;25;4;6;3;6;1;205303_81.jpg;4;FAUX;4
2161;1;Dark;1;37;4;7;4;6;3;216103_81.jpg;4;VRAI;4
4164;1;Dark;1;35;4;5;4;4;1;416403_81.jpg;3;FAUX;3
4104;1;Dark;1;29;4;5;4;2;1;410403_81.jpg;3;VRAI;1
4055;1;Dark;2;41;3;5;3;6;1;405503_81.jpg;2;FAUX;1
4105;1;Dark;2;42;4;7;4;5;1;410503_81.jpg;3;FAUX;1
4134;1;Dark;3;59;5;5;4;5;2;413403_81.jpg;4;FAUX;3
4217;1;Dark;1;38;2;2;4;2;1;421703_81.jpg;6;VRAI;5
4057;1;Light;3;57;7;6;3;5;2;405703_81.jpg;3;FAUX;1
4135;1;Dark;1;30;7;5;3;6;1;413503_81.jpg;2;FAUX;3
4058;1;Dark;4;61;1;5;2;4;1;405803_81.jpg;3;FAUX;1
4108;1;Dark;1;26;4;6;3;3;1;410803_81.jpg;2;FAUX;1
4017;1;Light;2;45;1;7;4;3;2;401703_81.jpg;1;FAUX;1
4107;1;Dark;2;43;4;7;4;3;2;410703_81.jpg;3;FAUX;3
4018;1;Dark;3;55;3;3;3;6;1;401803_81.jpg;1;VRAI;1
4059;1;Medium;4;68;1;4;3;3;3;405903_81.jpg;2;FAUX;1
2119;1;Dark;3;57;1;5;3;3;3;211903_81.jpg;3;VRAI;3
2011;1;Light;3;53;1;5;3;3;4;201103_81.jpg;1;FAUX;1
2234;1;Dark;4;68;2;3;1;3;3;223403_81.jpg;6;VRAI;5
2050;1;Dark;1;34;4;5;2;6;1;205003_81.jpg;2;VRAI;2
2054;1;Light;1;36;1;6;3;2;5;205403_81.jpg;4;VRAI;3
2055;1;Medium;4;61;1;5;3;2;5;205503_81.jpg;3;FAUX;3
2260;1;Dark;4;63;2;4;5;3;2;226003_81.jpg;6;VRAI;6
2261;1;Medium;3;53;2;2;3;4;1;226103_81.jpg;6;FAUX;5
1055;1;Medium;4;60;1;5;3;3;2;105503_81.jpg;3;FAUX;2
1054;1;Dark;1;25;1;6;3;3;1;105403_81.jpg;1;VRAI;2
2262;1;Dark;1;31;2;4;5;5;3;226203_81.jpg;6;VRAI;6
2056;1;Dark;3;51;1;4;3;3;2;205603_81.jpg;3;FAUX;3
2100;1;Medium;2;44;1;5;2;3;2;210003_81.jpg;2;FAUX;1
2265;1;Dark;4;69;2;2;2;4;2;226503_81.jpg;5;FAUX;4
4138;1;Dark;2;49;4;7;4;3;3;413803_81.jpg;4;FAUX;3
4019;1;Dark;2;45;3;6;3;3;1;401903_81.jpg;1;VRAI;1
4109;1;Dark;3;58;3;5;3;3;2;410903_81.jpg;3;FAUX;3
2264;1;Dark;4;66;2;3;3;3;2;226403_81.jpg;6;VRAI;5
2013;1;Light;3;52;1;2;3;4;5;201303_81.jpg;5;VRAI;4
2014;1;Dark;1;25;1;5;4;6;1;201403_81.jpg;2;FAUX;1
2263;1;Medium;1;29;2;7;3;3;1;226303_81.jpg;5;FAUX;4
4219;1;Dark;2;42;2;3;3;6;1;421903_81.jpg;5;FAUX;4
4218;1;Dark;4;69;2;2;4;3;2;421803_81.jpg;5;FAUX;4
4110;1;Medium;3;55;4;5;3;3;2;411003_81.jpg;3;VRAI;3
1103;1;Dark;4;62;1;5;2;3;3;110303_81.jpg;4;VRAI;4
1051;1;Dark;3;53;1;7;3;3;2;105103_81.jpg;2;FAUX;2
1111;1;Dark;2;48;1;5;2;3;3;111103_81.jpg;3;FAUX;2
2071;1;Dark;2;42;1;4;2;3;1;207103_81.jpg;3;FAUX;1
2266;1;Dark;2;42;2;3;4;4;2;226603_81.jpg;6;VRAI;5
1123;1;Dark;3;52;1;6;4;3;2;112303_81.jpg;3;FAUX;4
1010;1;Dark;3;50;1;6;3;3;3;101003_81.jpg;2;FAUX;2
2171;1;Dark;1;39;4;2;3;3;2;217103_81.jpg;2;VRAI;1
1073;1;Dark;4;68;1;5;3;3;4;107303_81.jpg;3;FAUX;3
1128;1;Medium;3;56;1;5;3;4;5;112803_81.jpg;3;FAUX;4
4020;1;Medium;3;56;1;7;3;3;2;402003_81.jpg;2;VRAI;1
1092;1;Dark;2;43;1;6;4;6;2;109203_81.jpg;4;VRAI;2
2194;1;Dark;2;44;4;3;2;3;2;219403_81.jpg;5;VRAI;4
4021;1;Light;1;25;1;6;4;4;1;402103_81.jpg;1;VRAI;1
1088;1;Medium;2;46;1;2;4;3;3;108803_81.jpg;2;FAUX;2
2016;1;Dark;1;31;1;7;1;2;1;201603_81.jpg;4;FAUX;3
1127;1;Dark;2;46;1;5;2;2;3;112703_81.jpg;4;VRAI;4
2019;1;Medium;2;48;1;6;2;3;1;201903_81.jpg;2;VRAI;1
2015;1;Medium;2;47;1;4;3;2;5;201503_81.jpg;3;VRAI;1
4060;1;Dark;2;47;4;7;3;6;1;406003_81.jpg;3;FAUX;1
2023;1;Dark;2;42;1;6;2;2;1;202303_81.jpg;2;VRAI;1
4022;1;Medium;1;36;1;6;3;3;2;402203_81.jpg;1;VRAI;1
4061;1;Medium;3;50;3;3;3;3;2;406103_81.jpg;3;VRAI;1
4062;1;Dark;1;32;4;6;3;3;1;406203_81.jpg;3;FAUX;1
4115;1;Dark;4;60;4;6;2;4;2;411503_81.jpg;4;FAUX;3
1064;1;Medium;3;58;1;4;4;3;2;106403_81.jpg;1;FAUX;2
1098;1;Light;2;48;1;2;2;3;1;109803_81.jpg;3;VRAI;3
1070;1;Medium;4;62;1;5;4;3;2;107003_81.jpg;3;FAUX;4
2024;1;Medium;4;66;1;2;3;3;1;202403_81.jpg;3;VRAI;3
1104;1;Dark;4;60;1;5;3;3;2;110403_81.jpg;4;FAUX;4
1005;1;Light;2;49;1;3;3;3;3;100503_81.jpg;1;VRAI;2
2267;1;Dark;4;60;2;3;3;3;2;226703_81.jpg;6;VRAI;6
1062;1;Light;4;67;1;4;2;3;2;106203_81.jpg;2;VRAI;2
1096;1;Medium;4;64;1;7;3;3;3;109603_81.jpg;4;FAUX;4
2025;1;Light;4;60;1;4;3;3;2;202503_81.jpg;1;VRAI;1
1089;1;Dark;3;54;1;4;2;6;3;108903_81.jpg;3;FAUX;4
2026;1;Light;1;29;1;5;2;3;2;202603_81.jpg;2;VRAI;2
1097;1;Medium;2;42;1;6;2;6;2;109703_81.jpg;4;FAUX;2
2214;1;Dark;2;44;2;3;2;3;1;221403_81.jpg;6;VRAI;6
1115;1;Medium;1;29;1;6;4;3;2;111503_81.jpg;2;FAUX;2
2213;1;Dark;2;46;2;4;4;3;1;221303_81.jpg;6;VRAI;6
2058;1;Medium;2;46;1;3;4;4;2;205803_81.jpg;2;FAUX;3
1050;1;Medium;2;49;1;6;2;6;3;105003_81.jpg;2;FAUX;2
2059;1;Dark;1;39;1;5;2;4;2;205903_81.jpg;3;VRAI;1
2212;1;Light;2;41;2;7;3;3;1;221203_81.jpg;5;VRAI;5
2028;1;Medium;3;53;1;4;4;4;2;202803_81.jpg;3;VRAI;1
2135;1;Light;4;62;1;4;1;6;2;213503_81.jpg;2;FAUX;1
1087;1;Dark;3;53;3;5;2;3;3;108703_81.jpg;3;VRAI;4
1125;1;Dark;3;53;1;4;4;3;3;112503_81.jpg;3;VRAI;4
1094;1;Dark;3;51;1;7;5;3;3;109403_81.jpg;4;FAUX;4
1067;1;Light;2;41;1;4;5;3;5;106703_81.jpg;2;VRAI;2
1014;1;Medium;1;37;1;7;2;3;2;101403_81.jpg;2;FAUX;2
2138;1;Dark;1;35;2;4;5;4;2;213803_81.jpg;4;FAUX;4
1132;1;Dark;2;45;1;5;2;3;1;113203_81.jpg;4;VRAI;4
2029;1;Dark;1;33;1;7;4;6;1;202903_81.jpg;1;FAUX;2
1057;1;Medium;3;50;1;5;2;3;2;105703_81.jpg;2;FAUX;2
2196;1;Dark;1;31;3;4;3;2;1;219603_81.jpg;4;FAUX;4
1013;1;Medium;3;56;1;6;4;4;2;101303_81.jpg;3;FAUX;3
2030;1;Medium;1;31;1;7;3;3;1;203003_81.jpg;1;VRAI;1
2211;1;Dark;4;60;2;3;3;3;3;221103_81.jpg;6;FAUX;6
1003;1;Light;3;50;1;5;3;3;2;100303_81.jpg;2;FAUX;2
1084;1;Dark;3;50;1;5;4;3;3;108403_81.jpg;3;VRAI;4
1082;1;Dark;1;25;1;6;3;3;1;108203_81.jpg;2;VRAI;2
2031;1;Light;2;40;1;6;2;3;1;203103_81.jpg;3;FAUX;3
4023;1;Medium;1;36;1;7;3;3;1;402303_81.jpg;2;FAUX;1
2197;1;Dark;2;47;2;5;4;3;1;219703_81.jpg;5;VRAI;5
2032;1;Medium;2;43;1;4;4;3;2;203203_81.jpg;3;FAUX;3
4116;1;Dark;1;25;5;7;4;6;1;411603_81.jpg;1;VRAI;1
1059;1;Dark;2;48;1;5;3;3;3;105903_81.jpg;1;VRAI;3
1053;1;Dark;1;37;1;6;3;4;2;105303_81.jpg;2;FAUX;2
2198;1;Dark;1;32;2;3;5;3;1;219803_81.jpg;6;VRAI;5
2243;1;Dark;3;51;2;3;3;4;3;224303_81.jpg;6;VRAI;6
2210;1;Dark;1;29;2;4;5;5;1;221003_81.jpg;6;VRAI;6
4070;1;Dark;1;29;4;4;3;6;1;407003_81.jpg;3;FAUX;1
4069;1;Light;2;48;4;7;3;6;1;406903_81.jpg;3;VRAI;1
4141;1;Dark;1;29;4;7;3;3;1;414103_81.jpg;3;FAUX;3
4024;1;Dark;1;25;3;6;3;3;1;402403_81.jpg;2;FAUX;1
4025;1;Light;1;29;1;6;3;4;1;402503_81.jpg;1;FAUX;1
4026;1;Light;2;47;1;4;3;6;1;402603_81.jpg;2;FAUX;1
4073;1;Dark;1;30;4;5;3;3;1;407303_81.jpg;1;FAUX;1
1121;1;Medium;2;46;1;5;2;3;3;112103_81.jpg;4;VRAI;4
1116;1;Light;2;43;1;6;4;4;3;111603_81.jpg;3;FAUX;3
1075;1;Medium;3;51;1;6;3;3;3;107503_81.jpg;2;FAUX;2
1105;1;Light;3;54;1;4;2;3;2;110503_81.jpg;3;VRAI;4
1009;1;Medium;3;50;1;6;3;3;1;100903_81.jpg;3;FAUX;2
1043;1;Dark;3;50;1;5;3;4;3;104303_81.jpg;2;FAUX;2
2057;1;Light;3;54;1;5;3;6;2;205703_81.jpg;2;VRAI;2
1035;1;Light;4;63;1;4;4;3;2;103503_81.jpg;3;FAUX;2
1068;1;Medium;4;62;1;4;3;3;2;106803_81.jpg;3;FAUX;3
1069;1;Dark;3;53;1;5;2;3;5;106903_81.jpg;2;FAUX;2
1066;1;Light;4;64;1;4;4;3;3;106603_81.jpg;1;FAUX;3
2200;1;Dark;1;25;2;3;4;3;1;220003_81.jpg;4;VRAI;4
2201;1;Dark;1;32;2;3;2;6;2;220103_81.jpg;6;VRAI;5
1008;1;Medium;4;60;1;6;4;4;2;100803_81.jpg;3;FAUX;3
1047;1;Medium;2;43;1;4;3;3;2;104703_81.jpg;2;VRAI;2
1061;1;Light;3;58;1;5;4;4;3;106103_81.jpg;2;FAUX;3
1071;1;Dark;1;35;1;7;4;6;2;107103_81.jpg;2;VRAI;2
1122;1;Medium;4;62;1;4;2;3;2;112203_81.jpg;3;VRAI;4
1030;1;Light;2;47;1;4;4;4;4;103003_81.jpg;2;VRAI;2
1016;1;Medium;3;53;1;4;4;4;5;101603_81.jpg;2;VRAI;2
1056;1;Medium;4;65;1;4;2;3;2;105603_81.jpg;2;FAUX;2
1130;1;Dark;4;66;1;4;4;3;5;113003_81.jpg;3;FAUX;4
1133;1;Medium;3;53;1;6;5;3;4;113303_81.jpg;3;FAUX;2
1063;1;Medium;2;46;1;5;3;3;1;106303_81.jpg;4;FAUX;2
1001;1;Dark;1;29;1;5;3;4;1;100103_81.jpg;2;VRAI;2
2060;1;Dark;1;36;1;5;3;3;2;206003_81.jpg;2;VRAI;2
1017;1;Dark;2;47;1;5;5;3;1;101703_81.jpg;2;VRAI;2
1018;1;Medium;1;28;1;6;2;2;1;101803_81.jpg;1;VRAI;1
2061;1;Medium;4;69;1;2;3;3;3;206103_81.jpg;3;FAUX;1
2227;1;Dark;1;37;2;6;3;4;1;222703_81.jpg;6;VRAI;6
2062;1;Dark;1;26;1;7;3;3;1;206203_81.jpg;3;FAUX;3
2195;1;Medium;3;59;2;3;3;3;3;219503_81.jpg;5;VRAI;4
2063;1;Dark;1;25;1;6;3;3;1;206303_81.jpg;3;FAUX;1
2184;1;Medium;4;65;2;2;3;3;2;218403_81.jpg;5;VRAI;4
2204;1;Medium;4;68;2;3;2;3;2;220403_81.jpg;5;FAUX;5
2202;1;Dark;1;25;4;4;2;3;1;220203_81.jpg;4;VRAI;4
2033;1;Dark;2;42;1;5;1;3;2;203303_81.jpg;3;VRAI;3
2203;1;Dark;1;39;4;6;1;6;2;220303_81.jpg;3;FAUX;3
2034;1;Dark;4;68;1;4;4;3;1;203403_81.jpg;3;FAUX;3
2065;1;Dark;3;52;1;5;3;6;1;206503_81.jpg;4;FAUX;3
2066;1;Light;4;66;1;7;2;3;1;206603_81.jpg;1;FAUX;1
2064;1;Dark;1;27;1;5;2;2;2;206403_81.jpg;2;FAUX;2
2068;1;Dark;1;27;1;7;4;6;1;206803_81.jpg;2;VRAI;2
2067;1;Medium;1;38;1;5;3;3;2;206703_81.jpg;2;FAUX;1
2206;1;Dark;2;40;2;3;2;3;2;220603_81.jpg;6;VRAI;5
2207;1;Dark;4;60;2;4;3;4;1;220703_81.jpg;6;VRAI;6
2208;1;Dark;3;52;2;4;3;4;2;220803_81.jpg;6;VRAI;6
1085;1;Dark;3;53;1;5;4;3;2;108503_81.jpg;4;FAUX;4
1093;1;Light;3;58;1;6;4;4;3;109303_81.jpg;3;FAUX;3
1076;1;Light;3;56;1;5;4;3;2;107603_81.jpg;2;VRAI;2
1052;1;Dark;1;39;1;6;4;4;5;105203_81.jpg;4;FAUX;2
1022;1;Dark;1;25;1;7;4;3;2;102203_81.jpg;2;VRAI;2
1078;1;Dark;3;54;1;4;3;4;3;107803_81.jpg;3;FAUX;3
1100;1;Medium;3;59;1;5;2;3;3;110003_81.jpg;4;FAUX;3
1126;1;Medium;2;42;1;7;3;3;2;112603_81.jpg;4;FAUX;4
1049;1;Medium;4;61;1;4;3;3;2;104903_81.jpg;2;FAUX;4
1146;1;Light;3;53;1;6;2;3;2;114603_81.jpg;4;FAUX;4
1099;1;Medium;4;68;1;4;3;3;2;109903_81.jpg;2;VRAI;2
1080;1;Dark;1;34;1;6;4;3;3;108003_81.jpg;2;FAUX;2
1026;1;Dark;2;47;1;7;3;3;2;102603_81.jpg;2;VRAI;2
1021;1;Dark;3;58;1;5;5;3;4;102103_81.jpg;1;VRAI;2
1072;1;Dark;3;57;1;5;4;3;2;107203_81.jpg;4;FAUX;4
1129;1;Medium;4;60;1;6;3;4;4;112903_81.jpg;4;VRAI;4
1065;1;Dark;2;47;1;5;3;3;3;106503_81.jpg;3;VRAI;4
1077;1;Dark;3;57;1;5;4;4;3;107703_81.jpg;3;VRAI;4
1048;1;Medium;1;37;1;6;4;3;2;104803_81.jpg;2;FAUX;2
1024;1;Medium;2;46;1;6;3;3;2;102403_81.jpg;1;FAUX;2
1027;1;Medium;3;50;1;4;3;3;3;102703_81.jpg;2;FAUX;2
1135;1;Dark;2;41;1;7;3;3;1;113503_81.jpg;4;FAUX;2
1006;1;Dark;2;49;1;5;4;3;2;100603_81.jpg;1;FAUX;2
1112;1;Dark;2;40;1;6;3;3;3;111203_81.jpg;2;FAUX;2
2035;1;Dark;1;25;1;7;4;2;1;203503_81.jpg;3;FAUX;3
2036;1;Dark;2;49;1;6;3;6;3;203603_81.jpg;3;FAUX;3
2038;1;Medium;2;41;1;7;5;3;2;203803_81.jpg;2;FAUX;1
2037;1;Dark;4;66;1;4;4;3;5;203703_81.jpg;4;VRAI;2
2087;1;Light;2;40;1;5;4;3;1;208703_81.jpg;2;FAUX;1
2209;1;Dark;3;54;2;3;4;3;2;220903_81.jpg;6;VRAI;6
2248;1;Dark;2;45;2;2;1;3;1;224803_81.jpg;4;FAUX;3
2244;1;Dark;2;47;2;5;1;3;2;224403_81.jpg;5;FAUX;3
2070;1;Dark;2;46;4;5;3;3;1;207003_81.jpg;4;VRAI;4
2237;1;Dark;4;69;2;3;2;4;3;223703_81.jpg;5;VRAI;4
2157;1;Dark;3;50;1;4;3;3;1;215703_81.jpg;4;FAUX;2
2156;1;Medium;1;25;4;5;3;3;1;215603_81.jpg;3;VRAI;3
2245;1;Dark;4;64;2;4;3;4;3;224503_81.jpg;6;FAUX;5
2151;1;Dark;4;63;4;2;3;3;1;215103_81.jpg;5;FAUX;4
2240;1;Dark;1;33;2;4;5;6;1;224003_81.jpg;6;VRAI;6
2027;1;Dark;2;49;1;2;4;6;2;202703_81.jpg;2;FAUX;1
2250;1;Dark;1;31;2;3;4;6;2;225003_81.jpg;5;FAUX;5
2086;1;Light;2;41;1;4;3;4;3;208603_81.jpg;4;VRAI;3
2080;1;Dark;2;41;1;4;2;6;3;208003_81.jpg;2;VRAI;2
4144;1;Dark;2;46;3;5;3;2;1;414403_81.jpg;3;FAUX;1
4118;1;Medium;1;26;4;6;3;6;1;411803_81.jpg;2;VRAI;2
2079;1;Dark;1;26;1;7;2;3;1;207903_81.jpg;2;FAUX;2
4077;1;Medium;1;28;1;6;3;6;1;407703_81.jpg;2;FAUX;1
4027;1;Dark;1;29;3;5;3;6;1;402703_81.jpg;1;VRAI;1
4143;1;Dark;3;53;4;6;4;6;1;414303_81.jpg;4;FAUX;3
4142;1;Light;3;56;4;6;5;4;2;414203_81.jpg;3;VRAI;1
2101;1;Medium;1;26;1;5;3;4;1;210103_81.jpg;2;VRAI;2
2090;1;Medium;2;44;1;5;3;2;3;209003_81.jpg;4;FAUX;2
2107;1;Dark;3;56;1;3;2;3;2;210703_81.jpg;3;FAUX;3
2166;1;Dark;1;25;3;5;4;3;1;216603_81.jpg;4;FAUX;3
2122;1;Medium;3;50;1;5;3;6;2;212203_81.jpg;2;FAUX;1
2069;1;Light;1;37;1;5;3;3;1;206903_81.jpg;2;VRAI;2
2136;1;Dark;2;44;4;6;3;6;1;213603_81.jpg;4;FAUX;3
2145;1;Dark;3;54;1;5;4;4;4;214503_81.jpg;3;FAUX;3
2147;1;Dark;2;47;4;6;3;6;2;214703_81.jpg;2;VRAI;1
2168;1;Medium;2;45;4;7;1;1;2;216803_81.jpg;2;VRAI;2
2158;1;Medium;1;25;4;6;3;3;1;215803_81.jpg;2;FAUX;3
2215;1;Dark;1;33;2;2;3;3;2;221503_81.jpg;6;VRAI;6
2169;1;Dark;2;45;4;5;3;4;5;216903_81.jpg;2;VRAI;2
2123;1;Dark;2;44;1;4;5;4;1;212303_81.jpg;2;VRAI;1
2099;1;Dark;1;26;4;6;2;2;2;209903_81.jpg;3;VRAI;3
2102;1;Dark;1;25;4;6;3;3;1;210203_81.jpg;3;FAUX;3
2235;1;Dark;3;56;2;4;4;4;2;223503_81.jpg;6;VRAI;6
2095;1;Light;2;40;1;6;3;3;1;209503_81.jpg;2;VRAI;1
2096;1;Dark;2;46;1;5;1;3;2;209603_81.jpg;2;VRAI;2
2128;1;Dark;1;27;4;5;3;6;1;212803_81.jpg;4;FAUX;3
4078;1;Dark;1;33;4;5;3;3;1;407803_81.jpg;3;FAUX;1
2106;1;Light;4;67;1;4;3;3;1;210603_81.jpg;4;FAUX;3
4165;1;Dark;4;63;4;4;3;6;1;416503_81.jpg;4;VRAI;4
2114;1;Light;3;59;1;3;1;3;2;211403_81.jpg;1;FAUX;1
2108;1;Light;2;40;1;7;3;3;1;210803_81.jpg;4;FAUX;3
2111;1;Light;4;66;1;2;3;3;1;211103_81.jpg;2;VRAI;1
2112;1;Medium;2;47;4;5;3;3;1;211203_81.jpg;2;FAUX;1
2093;1;Dark;1;32;1;5;3;3;1;209303_81.jpg;2;VRAI;1
2121;1;Dark;1;26;4;6;5;2;1;212103_81.jpg;3;FAUX;1
2120;1;Dark;3;53;4;4;2;3;2;212003_81.jpg;3;FAUX;1
2140;1;Dark;1;26;4;7;3;3;1;214003_81.jpg;4;VRAI;2
2118;1;Medium;4;66;1;3;2;5;4;211803_81.jpg;2;FAUX;1
2129;1;Medium;1;31;1;7;4;3;1;212903_81.jpg;2;VRAI;2
2149;1;Dark;3;50;1;5;3;3;3;214903_81.jpg;4;FAUX;2
2218;1;Medium;4;65;2;4;3;3;3;221803_81.jpg;5;VRAI;5
2246;1;Dark;3;58;2;3;4;4;2;224603_81.jpg;5;VRAI;5
2199;1;Dark;4;69;2;2;2;4;2;219903_81.jpg;4;FAUX;4
2238;1;Dark;4;62;2;3;2;3;3;223803_81.jpg;6;VRAI;6
2173;1;Dark;1;37;2;4;4;3;2;217303_81.jpg;5;VRAI;5
2115;1;Medium;4;69;1;4;4;3;3;211503_81.jpg;3;VRAI;3
2125;1;Light;1;29;1;5;4;2;1;212503_81.jpg;2;VRAI;1
2126;1;Medium;1;25;1;5;2;2;1;212603_81.jpg;4;FAUX;2
2146;1;Dark;3;57;4;6;3;3;2;214603_81.jpg;4;FAUX;4
2230;1;Dark;1;26;2;5;3;3;1;223003_81.jpg;4;VRAI;5
2249;1;Dark;2;43;2;6;3;4;1;224903_81.jpg;5;FAUX;5
2133;1;Light;2;41;1;5;2;3;2;213303_81.jpg;2;FAUX;1
2172;1;Light;1;27;4;5;2;6;1;217203_81.jpg;2;VRAI;2
2174;1;Dark;3;52;4;6;3;3;2;217403_81.jpg;5;FAUX;4
2134;1;Medium;1;32;1;4;3;6;1;213403_81.jpg;3;FAUX;1
2130;1;Dark;1;30;4;5;4;5;2;213003_81.jpg;4;FAUX;4
4119;1;Medium;3;56;4;6;3;4;1;411903_81.jpg;3;FAUX;3
4028;1;Dark;1;25;1;7;3;3;1;402803_81.jpg;1;VRAI;1
2124;1;Dark;2;48;1;3;3;3;2;212403_81.jpg;2;VRAI;1
3001;1;Medium;3;53;1;4;4;3;4;300103_81.jpg;2;VRAI;2
3002;1;Medium;3;56;1;4;3;3;5;300203_81.jpg;2;VRAI;2
3003;1;Medium;3;54;1;5;4;3;2;300303_81.jpg;2;VRAI;2
3004;1;Medium;2;48;1;4;3;3;1;300403_81.jpg;2;FAUX;2
3005;1;Light;2;48;1;5;5;3;2;300503_81.jpg;1;VRAI;3
3006;1;Light;4;61;1;4;4;4;2;300603_81.jpg;1;VRAI;3
3007;1;Light;2;49;1;6;1;3;4;300703_81.jpg;2;VRAI;2
3008;1;Light;3;50;1;5;4;4;3;300803_81.jpg;2;FAUX;3
3009;1;Medium;4;68;1;4;3;3;2;300903_81.jpg;3;FAUX;3
3010;1;Light;3;56;1;4;3;3;2;301003_81.jpg;1;FAUX;3
3012;1;Light;2;47;1;6;3;4;3;301203_81.jpg;1;VRAI;2
3011;1;Medium;3;53;1;5;4;4;3;301103_81.jpg;2;VRAI;2
3013;1;Dark;4;60;1;5;4;3;2;301303_81.jpg;2;VRAI;2
3014;1;Dark;3;50;1;6;4;3;5;301403_81.jpg;2;FAUX;4
3015;1;Medium;4;62;1;4;2;6;2;301503_81.jpg;2;VRAI;2
3016;1;Dark;1;30;1;6;3;3;1;301603_81.jpg;1;VRAI;3
3017;1;Medium;1;25;1;5;4;3;1;301703_81.jpg;1;FAUX;2
3018;1;Light;1;26;1;6;4;5;1;301803_81.jpg;2;VRAI;2
3019;1;Medium;3;53;1;4;5;3;3;301903_81.jpg;2;VRAI;2
3020;1;Medium;1;30;1;6;4;2;1;302003_81.jpg;1;VRAI;2
3021;1;Medium;4;66;1;3;3;4;3;302103_81.jpg;1;VRAI;3
3022;1;Medium;4;64;1;4;4;3;3;302203_81.jpg;1;FAUX;3
3023;1;Medium;3;59;1;6;3;3;2;302303_81.jpg;2;VRAI;2
3024;1;Medium;4;64;1;6;3;3;3;302403_81.jpg;2;FAUX;3
3025;1;Medium;1;25;1;7;3;2;1;302503_81.jpg;1;VRAI;2
3026;1;Dark;1;33;1;6;3;3;2;302603_81.jpg;1;FAUX;2
3027;1;Medium;4;64;1;4;3;3;4;302703_81.jpg;2;VRAI;2
3028;1;Medium;4;60;1;4;2;3;2;302803_81.jpg;2;FAUX;3
3029;1;Light;2;41;1;4;2;2;2;302903_81.jpg;1;FAUX;3
3030;1;Light;3;58;1;4;3;5;5;303003_81.jpg;2;FAUX;3
3031;1;Light;4;69;1;2;3;3;5;303103_81.jpg;1;VRAI;3
3032;1;Light;4;64;1;4;2;3;5;303203_81.jpg;3;FAUX;3
3033;1;Light;3;51;1;5;3;4;3;303303_81.jpg;2;FAUX;2
3034;1;Dark;3;59;1;4;4;3;4;303403_81.jpg;2;VRAI;2
3035;1;Medium;2;48;1;6;3;4;2;303503_81.jpg;2;FAUX;2
3036;1;Medium;2;49;1;5;2;3;1;303603_81.jpg;2;FAUX;2
3037;1;Dark;3;52;1;3;2;3;2;303703_81.jpg;2;VRAI;3
3038;1;Medium;1;25;1;5;3;3;1;303803_81.jpg;1;VRAI;3
3039;1;Dark;1;26;1;7;4;3;2;303903_81.jpg;1;VRAI;3
3040;1;Light;3;50;1;5;3;3;2;304003_81.jpg;2;VRAI;2
3041;1;Medium;4;62;1;4;3;3;5;304103_81.jpg;1;VRAI;3
3042;1;Dark;3;55;1;5;2;6;3;304203_81.jpg;3;VRAI;4
3043;1;Medium;1;35;1;6;3;4;2;304303_81.jpg;2;VRAI;2
3044;1;Dark;1;25;1;6;3;3;1;304403_81.jpg;1;VRAI;3
3045;1;Dark;3;56;3;2;3;3;2;304503_81.jpg;3;FAUX;3
3046;1;Dark;3;58;1;4;4;3;2;304603_81.jpg;3;FAUX;4
3047;1;Dark;4;69;1;6;2;3;2;304703_81.jpg;2;FAUX;3
3048;1;Light;1;30;1;6;2;3;2;304803_81.jpg;2;VRAI;2
3049;1;Medium;3;55;1;5;2;6;2;304903_81.jpg;1;VRAI;3
3050;1;Dark;2;49;1;4;3;3;1;305003_81.jpg;2;FAUX;4
3051;1;Medium;4;61;1;7;3;2;2;305103_81.jpg;2;FAUX;2
3052;1;Dark;1;25;1;6;3;3;1;305203_81.jpg;1;VRAI;2
3053;1;Medium;1;32;1;5;3;3;3;305303_81.jpg;1;FAUX;2
3054;1;Light;3;53;1;5;3;3;1;305403_81.jpg;3;FAUX;4
3055;1;Dark;1;27;4;6;4;4;1;305503_81.jpg;1;FAUX;3
3056;1;Medium;3;50;1;4;2;4;4;305603_81.jpg;2;VRAI;3
3058;1;Dark;2;46;1;5;3;3;2;305803_81.jpg;3;FAUX;4
3059;1;Dark;2;49;4;6;3;6;3;305903_81.jpg;3;FAUX;4
3060;1;Dark;1;25;3;7;4;3;2;306003_81.jpg;1;VRAI;3
3061;1;Light;1;36;4;3;3;3;2;306103_81.jpg;3;FAUX;4
3062;1;Dark;3;51;3;6;3;6;2;306203_81.jpg;2;FAUX;3
3063;1;Medium;1;27;7;7;3;3;1;306303_81.jpg;2;VRAI;2
3064;1;Medium;4;62;1;4;3;3;3;306403_81.jpg;2;VRAI;2
3065;1;Medium;3;58;1;3;3;3;3;306503_81.jpg;2;FAUX;3
3066;1;Dark;3;54;1;5;2;3;3;306603_81.jpg;2;VRAI;2
3067;1;Light;3;51;1;5;4;5;4;306703_81.jpg;2;VRAI;2
3068;1;Medium;4;65;1;2;5;4;5;306803_81.jpg;2;VRAI;2
3069;1;Light;4;67;1;6;2;4;2;306903_81.jpg;1;VRAI;3
3070;1;Medium;3;52;1;5;3;4;2;307003_81.jpg;3;FAUX;4
3071;1;Dark;3;56;4;6;3;3;2;307103_81.jpg;2;VRAI;3
3072;1;Medium;1;25;1;6;3;6;1;307203_81.jpg;2;FAUX;2
3073;1;Light;1;29;1;4;3;6;1;307303_81.jpg;2;VRAI;2
3074;1;Medium;4;62;1;4;3;6;2;307403_81.jpg;2;VRAI;2
3075;1;Dark;1;28;4;7;3;3;2;307503_81.jpg;3;FAUX;3
3076;1;Medium;1;31;1;6;4;4;2;307603_81.jpg;3;VRAI;4
3077;1;Medium;3;53;1;6;3;3;2;307703_81.jpg;2;VRAI;2
3078;1;Dark;2;47;1;7;3;3;2;307803_81.jpg;2;VRAI;2
3079;1;Medium;4;64;1;3;3;3;3;307903_81.jpg;3;VRAI;4
3080;1;Medium;1;31;1;5;4;3;2;308003_81.jpg;2;FAUX;3
2163;1;Dark;1;25;4;7;3;3;1;216303_81.jpg;4;FAUX;3
3081;1;Medium;2;49;4;3;3;4;2;308103_81.jpg;3;VRAI;4
3082;1;Medium;4;60;1;6;3;4;4;308203_81.jpg;4;FAUX;4
3083;1;Dark;2;46;7;5;3;4;3;308303_81.jpg;1;FAUX;3
3084;1;Medium;3;56;1;6;3;3;2;308403_81.jpg;3;VRAI;4
3085;1;Light;4;68;1;5;3;3;6;308503_81.jpg;2;VRAI;3
3086;1;Medium;4;67;1;4;2;6;3;308603_81.jpg;4;VRAI;4
3087;1;Light;3;50;1;7;3;4;2;308703_81.jpg;2;VRAI;2
3088;1;Dark;1;28;3;5;4;3;2;308803_81.jpg;3;FAUX;3
3089;1;Light;3;50;1;6;4;3;3;308903_81.jpg;1;VRAI;3
3090;1;Dark;4;68;2;4;4;4;3;309003_81.jpg;5;FAUX;5
3091;1;Dark;4;64;4;6;4;3;2;309103_81.jpg;1;VRAI;3
3092;1;Dark;3;59;4;4;2;3;4;309203_81.jpg;3;FAUX;3
3093;1;Dark;1;25;4;6;4;4;1;309303_81.jpg;3;FAUX;4
3094;1;Light;3;55;1;5;5;4;3;309403_81.jpg;4;FAUX;4
3095;1;Dark;1;27;1;6;5;6;2;309503_81.jpg;2;VRAI;2
3096;1;Dark;4;61;1;5;4;3;2;309603_81.jpg;3;FAUX;4
3098;1;Light;4;65;1;2;2;4;3;309803_81.jpg;1;FAUX;2
3099;1;Medium;3;54;1;5;3;3;3;309903_81.jpg;2;VRAI;2
3100;1;Light;2;46;1;5;2;6;2;310003_81.jpg;2;VRAI;3
3102;1;Dark;2;41;4;5;2;4;2;310203_81.jpg;3;VRAI;4
3103;1;Light;3;52;1;6;2;3;2;310303_81.jpg;3;FAUX;3
3104;1;Light;4;67;1;5;3;3;5;310403_81.jpg;2;FAUX;4
3105;1;Medium;1;35;1;7;4;4;2;310503_81.jpg;3;FAUX;4
3106;1;Medium;2;45;1;5;3;3;2;310603_81.jpg;1;FAUX;3
3107;1;Dark;3;52;4;6;4;3;2;310703_81.jpg;4;VRAI;4
3108;1;Dark;1;25;4;3;3;3;1;310803_81.jpg;3;FAUX;2
3109;1;Medium;1;39;4;6;3;3;2;310903_81.jpg;2;FAUX;4
3110;1;Dark;4;63;1;4;2;3;4;311003_81.jpg;4;VRAI;4
3111;1;Light;4;61;1;5;4;6;4;311103_81.jpg;2;FAUX;3
3112;1;Medium;4;61;1;5;3;3;2;311203_81.jpg;3;FAUX;4
3113;1;Dark;1;27;4;6;2;6;1;311303_81.jpg;3;FAUX;4
3114;1;Dark;1;25;7;6;4;2;1;311403_81.jpg;3;FAUX;4
3115;1;Medium;1;37;1;7;4;3;2;311503_81.jpg;2;VRAI;3
3116;1;Dark;3;54;4;6;4;3;3;311603_81.jpg;4;FAUX;4
3117;1;Medium;1;31;7;6;4;6;1;311703_81.jpg;2;VRAI;2
3118;1;Medium;3;59;1;2;2;2;1;311803_81.jpg;2;FAUX;3
3119;1;Light;1;37;1;5;4;4;1;311903_81.jpg;2;VRAI;2
3120;1;Medium;2;43;1;5;3;4;2;312003_81.jpg;2;VRAI;2
3121;1;Light;3;53;1;6;3;3;3;312103_81.jpg;4;VRAI;4
3122;1;Medium;1;25;1;7;4;3;2;312203_81.jpg;3;FAUX;4
3123;1;Medium;3;59;1;2;2;3;2;312303_81.jpg;2;FAUX;3
3124;1;Dark;1;36;4;6;5;6;2;312403_81.jpg;4;FAUX;4
3125;1;Dark;1;27;1;7;4;3;1;312503_81.jpg;3;FAUX;4
3126;1;Dark;3;55;3;6;3;4;3;312603_81.jpg;3;VRAI;4
3127;1;Dark;4;62;3;5;3;6;5;312703_81.jpg;3;VRAI;4
3128;1;Medium;3;52;1;5;3;3;3;312803_81.jpg;3;FAUX;4
3129;1;Dark;1;25;1;5;3;6;1;312903_81.jpg;2;VRAI;2
3130;1;Medium;1;25;1;7;4;4;2;313003_81.jpg;3;FAUX;4
3131;1;Medium;3;59;4;5;2;4;3;313103_81.jpg;2;FAUX;2
3132;1;Dark;1;27;4;6;4;3;1;313203_81.jpg;3;FAUX;4
3133;1;Dark;1;29;4;5;3;3;2;313303_81.jpg;4;FAUX;4
3134;1;Dark;4;66;1;5;3;3;4;313403_81.jpg;4;FAUX;4
3135;1;Dark;1;25;4;6;4;6;1;313503_81.jpg;4;FAUX;4
3136;1;Dark;1;27;4;5;4;3;1;313603_81.jpg;3;FAUX;3
3137;1;Dark;1;25;4;7;2;4;1;313703_81.jpg;4;FAUX;4
3138;1;Dark;2;47;2;7;2;3;6;313803_81.jpg;5;VRAI;5
3139;1;Dark;1;36;4;6;4;4;2;313903_81.jpg;4;FAUX;4
3140;1;Dark;1;25;4;6;3;3;1;314003_81.jpg;4;FAUX;4
3141;1;Dark;3;53;3;4;3;3;2;314103_81.jpg;4;FAUX;4
3142;1;Light;4;63;1;5;3;3;5;314203_81.jpg;1;FAUX;2
3143;1;Dark;2;43;1;6;3;2;4;314303_81.jpg;2;VRAI;3
3144;1;Dark;1;27;4;7;3;3;1;314403_81.jpg;3;VRAI;4
3145;1;Dark;3;56;1;4;3;3;1;314503_81.jpg;2;FAUX;3
3146;1;Medium;4;62;1;4;3;3;5;314603_81.jpg;3;FAUX;4
3147;1;Medium;1;27;1;6;2;3;1;314703_81.jpg;1;VRAI;2
3148;1;Medium;1;25;1;6;2;3;1;314803_81.jpg;1;VRAI;3
3149;1;Dark;1;26;1;6;4;3;1;314903_81.jpg;1;VRAI;3
3150;1;Dark;3;54;3;5;3;3;3;315003_81.jpg;3;FAUX;4
3151;1;Medium;1;35;1;5;4;3;1;315103_81.jpg;2;VRAI;2
3152;1;Dark;1;25;3;5;4;6;2;315203_81.jpg;3;FAUX;3
3153;1;Medium;3;55;3;5;2;3;4;315303_81.jpg;3;VRAI;3
3154;1;Dark;4;67;7;5;4;3;5;315403_81.jpg;4;VRAI;5
3155;1;Medium;4;64;1;3;2;4;1;315503_81.jpg;2;FAUX;2
3156;1;Medium;4;60;1;4;2;4;4;315603_81.jpg;2;VRAI;3
3157;1;Dark;1;32;3;7;3;3;1;315703_81.jpg;3;FAUX;4
3158;1;Light;4;62;1;4;4;3;5;315803_81.jpg;1;FAUX;3
3159;1;Medium;2;44;1;5;3;4;1;315903_81.jpg;4;VRAI;2
3160;1;Dark;1;28;4;7;3;6;1;316003_81.jpg;2;VRAI;3
3161;1;Dark;1;30;2;7;4;3;1;316103_81.jpg;5;FAUX;4
3162;1;Medium;3;55;2;2;2;4;3;316203_81.jpg;5;VRAI;5
3163;1;Dark;1;26;2;7;4;4;1;316303_81.jpg;5;FAUX;5
3164;1;Dark;1;37;2;6;3;6;1;316403_81.jpg;5;VRAI;5
3165;1;Medium;2;46;3;7;3;3;2;316503_81.jpg;4;FAUX;4
3166;1;Dark;3;53;4;4;3;3;3;316603_81.jpg;4;FAUX;4
3167;1;Dark;2;41;3;7;4;3;4;316703_81.jpg;4;FAUX;4
3168;1;Light;4;66;7;2;3;3;2;316803_81.jpg;3;FAUX;3
3169;1;Dark;3;57;7;4;3;3;5;316903_81.jpg;3;VRAI;3
3170;1;Dark;1;36;4;6;4;3;1;317003_81.jpg;4;FAUX;4
3206;1;Light;1;25;4;7;3;4;1;320603_81.jpg;5;VRAI;5
3172;1;Medium;1;25;4;6;4;3;1;317203_81.jpg;4;FAUX;4
3173;1;Medium;2;41;4;6;3;3;1;317303_81.jpg;3;VRAI;4
3174;1;Medium;1;37;4;6;3;3;1;317403_81.jpg;2;FAUX;3
3175;1;Dark;1;32;2;7;4;3;1;317503_81.jpg;5;VRAI;6
3176;1;Dark;3;57;2;4;2;3;1;317603_81.jpg;6;VRAI;6
3177;1;Medium;1;29;2;7;5;3;1;317703_81.jpg;5;VRAI;5
3178;1;Dark;1;25;2;6;4;3;1;317803_81.jpg;5;FAUX;5
3179;1;Dark;1;30;2;4;1;6;1;317903_81.jpg;6;VRAI;5
3180;1;Dark;3;53;3;6;4;6;3;318003_81.jpg;5;VRAI;5
3181;1;Medium;2;43;1;5;5;3;1;318103_81.jpg;2;VRAI;3
3182;1;Dark;1;34;2;6;3;6;1;318203_81.jpg;5;VRAI;6
3183;1;Dark;1;30;2;5;4;6;1;318303_81.jpg;3;FAUX;4
3184;1;Dark;2;41;2;6;4;3;1;318403_81.jpg;5;FAUX;5
3185;1;Dark;2;44;2;6;4;3;1;318503_81.jpg;5;VRAI;6
3186;1;Dark;3;53;2;4;2;3;1;318603_81.jpg;5;VRAI;6
3187;1;Dark;1;26;4;6;2;3;2;318703_81.jpg;3;FAUX;4
3188;1;Dark;2;45;2;2;4;4;2;318803_81.jpg;5;FAUX;5
3189;1;Dark;1;26;2;4;2;6;1;318903_81.jpg;2;VRAI;3
3190;1;Light;3;53;4;5;3;3;1;319003_81.jpg;2;FAUX;4
3191;1;Dark;4;63;2;2;3;4;4;319103_81.jpg;5;VRAI;5
3192;1;Dark;2;45;2;6;3;2;2;319203_81.jpg;4;FAUX;4
3193;1;Dark;3;50;2;3;3;3;1;319303_81.jpg;5;VRAI;5
3194;1;Dark;3;52;2;3;3;4;2;319403_81.jpg;5;VRAI;5
3195;1;Light;1;32;2;7;4;6;1;319503_81.jpg;6;FAUX;6
3196;1;Dark;2;40;2;4;2;4;1;319603_81.jpg;5;FAUX;5
3197;1;Dark;1;30;2;3;3;6;1;319703_81.jpg;4;VRAI;4
3198;1;Medium;1;37;4;6;4;3;1;319803_81.jpg;4;FAUX;4
3199;1;Dark;1;25;2;2;2;6;1;319903_81.jpg;3;VRAI;3
3200;1;Dark;1;32;2;7;5;2;1;320003_81.jpg;5;VRAI;5
3201;1;Medium;2;44;2;2;4;3;3;320103_81.jpg;5;FAUX;5
3202;1;Dark;1;28;2;7;4;3;1;320203_81.jpg;5;VRAI;5
3203;1;Dark;1;25;2;4;3;4;1;320303_81.jpg;5;FAUX;5
3204;1;Dark;1;25;2;7;3;3;1;320403_81.jpg;4;FAUX;4
3205;1;Dark;3;54;2;4;4;4;2;320503_81.jpg;5;VRAI;5
3207;1;Dark;4;66;2;2;4;4;2;320703_81.jpg;6;VRAI;6
3208;1;Dark;1;32;2;5;3;6;1;320803_81.jpg;5;VRAI;6
3209;1;Dark;1;25;2;4;3;3;1;320903_81.jpg;5;FAUX;6
3210;1;Dark;1;25;2;5;4;4;1;321003_81.jpg;5;VRAI;5
3211;1;Dark;1;30;2;7;4;4;1;321103_81.jpg;5;FAUX;5
3214;1;Dark;4;63;2;2;3;3;3;321403_81.jpg;5;VRAI;6
3215;1;Dark;2;47;2;3;3;3;2;321503_81.jpg;5;VRAI;5
3216;1;Medium;3;54;2;5;4;4;2;321603_81.jpg;5;VRAI;6
3217;1;Dark;3;50;2;4;4;4;3;321703_81.jpg;5;VRAI;5
3218;1;Dark;2;47;2;4;4;4;2;321803_81.jpg;5;VRAI;5
3219;1;Dark;4;64;2;3;3;3;2;321903_81.jpg;5;FAUX;5
3220;1;Dark;2;45;2;5;3;3;2;322003_81.jpg;5;VRAI;6
3221;1;Dark;3;52;2;5;3;3;3;322103_81.jpg;6;VRAI;6
3222;1;Dark;1;25;2;4;5;5;1;322203_81.jpg;6;VRAI;6
3223;1;Dark;1;33;2;6;4;6;1;322303_81.jpg;6;FAUX;6
3224;1;Dark;1;34;2;7;4;6;1;322403_81.jpg;5;VRAI;5
3225;1;Dark;3;58;2;7;3;4;2;322503_81.jpg;6;VRAI;6
3226;1;Dark;1;26;2;6;5;3;1;322603_81.jpg;5;FAUX;6
3227;1;Dark;2;42;2;4;5;5;2;322703_81.jpg;5;VRAI;5
3228;1;Dark;2;41;2;4;3;3;2;322803_81.jpg;5;FAUX;5
3229;1;Medium;1;31;2;5;4;4;2;322903_81.jpg;6;VRAI;6
3231;1;Dark;3;54;2;7;3;4;1;323103_81.jpg;5;VRAI;6
3233;1;Dark;3;55;2;3;3;3;3;323303_81.jpg;5;VRAI;5
3232;1;Dark;1;36;2;5;3;3;1;323203_81.jpg;5;VRAI;6
3234;1;Dark;1;39;2;5;4;3;3;323403_81.jpg;5;VRAI;6
3235;1;Dark;1;31;2;4;4;6;2;323503_81.jpg;5;FAUX;6
3236;1;Medium;4;69;2;4;2;5;5;323603_81.jpg;6;VRAI;6
3237;1;Dark;1;25;2;2;5;3;1;323703_81.jpg;5;FAUX;5
3238;1;Medium;3;51;2;2;4;4;5;323803_81.jpg;6;VRAI;6
3239;1;Dark;1;32;2;3;3;6;5;323903_81.jpg;6;FAUX;6
3240;1;Dark;2;40;2;7;4;4;2;324003_81.jpg;4;FAUX;5
3241;1;Light;2;47;2;2;2;3;6;324103_81.jpg;6;VRAI;5
3242;1;Dark;1;33;2;4;4;3;1;324203_81.jpg;6;VRAI;6
3243;1;Dark;1;29;2;7;4;3;1;324303_81.jpg;6;VRAI;6
3244;1;Dark;2;42;2;7;3;3;2;324403_81.jpg;6;VRAI;6
3245;1;Dark;1;25;2;6;3;5;1;324503_81.jpg;6;VRAI;6
3246;1;Dark;2;41;2;3;2;5;2;324603_81.jpg;6;VRAI;6
3247;1;Medium;1;26;2;5;3;3;1;324703_81.jpg;5;VRAI;5
3248;1;Dark;4;68;2;6;3;4;5;324803_81.jpg;6;VRAI;6
3249;1;Dark;2;44;2;5;3;5;3;324903_81.jpg;6;VRAI;6
3250;1;Dark;2;45;2;3;2;6;1;325003_81.jpg;5;VRAI;5
3251;1;Dark;1;26;2;7;3;5;1;325103_81.jpg;5;FAUX;6
3252;1;Dark;1;38;2;5;4;6;2;325203_81.jpg;4;VRAI;4
3253;1;Dark;4;65;2;5;3;3;3;325303_81.jpg;6;VRAI;6
3254;1;Dark;1;29;2;3;4;3;1;325403_81.jpg;5;FAUX;4
3255;1;Dark;2;41;2;5;4;3;2;325503_81.jpg;5;VRAI;6
3256;1;Dark;1;37;2;3;4;4;1;325603_81.jpg;5;FAUX;4
3257;1;Dark;1;25;2;7;3;6;1;325703_81.jpg;6;VRAI;6
3258;1;Dark;4;61;2;7;3;3;1;325803_81.jpg;5;VRAI;6
3259;1;Dark;2;41;2;5;3;4;1;325903_81.jpg;5;VRAI;5
3260;1;Dark;1;33;2;7;2;6;1;326003_81.jpg;6;VRAI;6
3261;1;Dark;3;50;2;6;2;4;3;326103_81.jpg;6;VRAI;6
3266;1;Dark;2;49;2;4;3;2;3;326603_81.jpg;5;VRAI;5
2228;1;Dark;4;69;2;3;2;4;5;222803_81.jpg;6;VRAI;5
2241;1;Dark;4;65;2;4;4;4;3;224103_81.jpg;6;VRAI;6
2242;1;Dark;4;66;2;3;3;3;2;224203_81.jpg;6;VRAI;6
2247;1;Dark;3;54;2;2;2;4;2;224703_81.jpg;5;FAUX;4
2141;1;Dark;4;69;1;6;4;3;5;214103_81.jpg;3;FAUX;1
2180;1;Dark;1;32;2;2;4;6;1;218003_81.jpg;6;VRAI;6
2176;1;Dark;2;40;2;6;3;3;3;217603_81.jpg;4;VRAI;3
2177;1;Dark;2;43;2;6;3;3;1;217703_81.jpg;5;VRAI;5
2132;1;Medium;3;55;4;4;3;3;3;213203_81.jpg;2;VRAI;1
2164;1;Dark;2;41;4;5;2;6;1;216403_81.jpg;3;VRAI;3
2239;1;Dark;2;44;2;4;4;4;2;223903_81.jpg;5;VRAI;5
2181;1;Medium;4;62;4;5;1;3;5;218103_81.jpg;3;VRAI;3
2178;1;Medium;4;68;4;3;3;3;1;217803_81.jpg;3;VRAI;3
2167;1;Light;4;69;4;3;2;3;1;216703_81.jpg;3;FAUX;1
2165;1;Medium;1;34;4;5;2;6;1;216503_81.jpg;1;FAUX;1
2183;1;Dark;4;68;2;4;3;3;1;218303_81.jpg;5;VRAI;5
4221;1;Dark;1;29;2;6;4;4;1;422103_81.jpg;6;VRAI;6
4145;1;Dark;2;42;4;5;2;3;1;414503_81.jpg;4;VRAI;3
4120;1;Medium;1;25;4;4;3;3;1;412003_81.jpg;1;VRAI;1
4079;1;Medium;1;29;4;6;3;6;1;407903_81.jpg;2;FAUX;1
4029;1;Medium;3;59;1;6;3;4;4;402903_81.jpg;2;VRAI;1
2185;1;Dark;2;49;4;6;3;3;2;218503_81.jpg;2;VRAI;2
4146;1;Medium;3;59;4;5;2;4;2;414603_81.jpg;3;FAUX;3
4030;1;Dark;1;25;1;7;3;3;1;403003_81.jpg;1;VRAI;1
4031;1;Medium;1;28;1;6;3;6;1;403103_81.jpg;1;VRAI;1
2186;1;Dark;2;43;2;3;4;4;1;218603_81.jpg;6;FAUX;5
2153;1;Dark;2;41;2;2;4;4;2;215303_81.jpg;5;VRAI;5
2205;1;Dark;1;25;4;7;3;3;2;220503_81.jpg;2;VRAI;2
2162;1;Dark;2;42;3;7;4;6;2;216203_81.jpg;3;FAUX;4
2109;1;Dark;3;55;4;6;4;3;2;210903_81.jpg;2;FAUX;3
2131;1;Dark;4;63;4;4;3;3;2;213103_81.jpg;3;FAUX;1
4148;1;Dark;4;66;4;4;3;3;3;414803_81.jpg;4;FAUX;3
4166;1;Dark;3;57;2;6;4;4;2;416603_81.jpg;4;FAUX;4
4033;1;Light;3;55;1;6;3;3;2;403303_81.jpg;3;FAUX;1
3097;1;Medium;1;34;1;6;3;6;2;309703_81.jpg;2;VRAI;2
4056;1;Dark;1;25;3;6;3;6;1;405603_81.jpg;1;FAUX;1
4189;1;Dark;1;25;3;6;4;6;1;418903_81.jpg;3;FAUX;1
4150;1;Dark;1;25;4;6;4;3;1;415003_81.jpg;3;VRAI;3
4199;1;Dark;1;26;4;7;3;3;1;419903_81.jpg;3;VRAI;1
4202;1;Dark;1;26;4;5;3;3;1;420203_81.jpg;3;FAUX;1
4152;1;Dark;1;25;7;6;3;3;1;415203_81.jpg;3;FAUX;3
4151;1;Medium;4;64;4;6;4;3;2;415103_81.jpg;4;FAUX;3
4223;1;Medium;1;39;3;4;3;6;1;422303_81.jpg;3;VRAI;1
4235;1;Dark;1;25;4;5;3;3;1;423503_81.jpg;3;FAUX;3
4260;1;Dark;1;33;4;5;3;6;1;426003_81.jpg;3;VRAI;3
3101;1;Medium;2;48;1;5;4;3;1;310103_81.jpg;2;VRAI;4
4236;1;Dark;1;30;4;6;3;6;1;423603_81.jpg;3;FAUX;3
4198;1;Dark;1;25;4;5;3;3;1;419803_81.jpg;3;FAUX;3
4200;1;Dark;1;26;4;4;3;3;1;420003_81.jpg;3;VRAI;3
4237;1;Dark;2;42;4;7;3;6;2;423703_81.jpg;3;VRAI;1
4234;1;Dark;2;43;4;4;3;3;1;423403_81.jpg;4;FAUX;3
4266;1;Medium;1;37;2;5;4;3;1;426603_81.jpg;6;VRAI;6
4203;1;Medium;4;64;7;6;3;4;1;420303_81.jpg;3;FAUX;1
4168;1;Medium;1;35;1;6;3;3;1;416803_81.jpg;1;FAUX;1
4169;1;Dark;1;34;1;6;3;3;1;416903_81.jpg;1;FAUX;1
4225;1;Dark;2;43;4;6;3;4;1;422503_81.jpg;2;VRAI;3
4226;1;Dark;4;66;4;6;3;3;2;422603_81.jpg;3;FAUX;3
4233;1;Medium;1;30;4;5;4;3;1;423303_81.jpg;3;VRAI;3
4190;1;Medium;4;65;3;7;2;3;2;419003_81.jpg;3;VRAI;1
4204;1;Dark;1;25;4;6;3;3;1;420403_81.jpg;2;FAUX;3
4080;1;Dark;1;25;4;5;4;3;1;408003_81.jpg;3;FAUX;1
4086;1;Light;2;42;4;4;2;3;2;408603_81.jpg;3;VRAI;1
4032;1;Medium;4;69;1;4;3;3;3;403203_81.jpg;3;FAUX;1
4034;1;Medium;2;46;7;5;3;2;2;403403_81.jpg;2;FAUX;1
4149;1;Dark;1;27;4;7;3;3;1;414903_81.jpg;3;VRAI;3
4192;1;Dark;1;39;3;5;2;3;1;419203_81.jpg;3;FAUX;1
4194;1;Dark;4;67;4;4;3;3;1;419403_81.jpg;1;FAUX;1
4205;1;Dark;1;25;4;7;4;3;1;420503_81.jpg;3;VRAI;3
4206;1;Medium;4;61;4;4;3;6;1;420603_81.jpg;5;FAUX;4
4230;1;Medium;2;43;4;5;3;3;1;423003_81.jpg;3;FAUX;1
4253;1;Dark;1;31;4;7;3;3;1;425303_81.jpg;3;VRAI;3
4232;1;Dark;2;47;4;6;3;2;1;423203_81.jpg;2;VRAI;3
4229;1;Medium;1;25;4;7;4;3;1;422903_81.jpg;3;FAUX;1
4171;1;Dark;3;56;1;2;2;4;1;417103_81.jpg;1;VRAI;1
4227;1;Dark;1;25;4;7;3;3;1;422703_81.jpg;3;FAUX;3
4167;1;Medium;1;34;2;4;4;6;1;416703_81.jpg;4;FAUX;4
4193;1;Medium;4;64;1;6;3;3;1;419303_81.jpg;2;FAUX;2
4153;1;Dark;2;46;4;5;3;3;1;415303_81.jpg;3;VRAI;3
4170;1;Dark;3;56;3;4;3;3;1;417003_81.jpg;1;VRAI;1
4197;1;Dark;1;33;1;6;3;6;1;419703_81.jpg;2;FAUX;1
4228;1;Dark;1;32;4;7;4;2;1;422803_81.jpg;3;VRAI;3
4191;1;Dark;2;45;4;6;4;3;2;419103_81.jpg;2;FAUX;3
4172;1;Dark;1;25;1;5;3;2;1;417203_81.jpg;3;FAUX;1
4222;1;Dark;3;56;2;5;4;3;2;422203_81.jpg;5;FAUX;5
4207;1;Dark;1;26;2;6;4;4;1;420703_81.jpg;5;FAUX;4
4173;1;Dark;1;32;3;5;3;3;1;417303_81.jpg;1;VRAI;1
4195;1;Dark;3;57;4;4;3;6;5;419503_81.jpg;2;FAUX;1
4238;1;Dark;2;44;4;5;3;3;1;423803_81.jpg;4;VRAI;3
4063;1;Dark;1;30;4;3;3;3;1;406303_81.jpg;1;VRAI;1
4239;1;Medium;1;28;1;5;3;3;1;423903_81.jpg;3;FAUX;3
4035;1;Dark;1;32;3;6;3;6;1;403503_81.jpg;1;VRAI;1
4112;1;Dark;1;33;4;5;4;3;1;411203_81.jpg;3;FAUX;3
4087;1;Medium;1;26;4;5;3;4;1;408703_81.jpg;1;FAUX;1
4240;1;Medium;3;53;3;6;3;3;1;424003_81.jpg;4;FAUX;3
4082;1;Light;4;68;4;3;2;3;2;408203_81.jpg;3;VRAI;3
4065;1;Dark;1;25;1;7;3;3;1;406503_81.jpg;2;VRAI;1
4036;1;Dark;1;25;1;7;3;3;1;403603_81.jpg;1;FAUX;1
4154;1;Dark;1;31;4;6;3;3;1;415403_81.jpg;4;FAUX;3
4155;1;Dark;1;28;4;7;4;3;1;415503_81.jpg;4;FAUX;3
4156;1;Dark;1;25;4;4;3;3;1;415603_81.jpg;3;FAUX;3
4174;1;Dark;1;36;3;6;3;3;1;417403_81.jpg;1;VRAI;1
4157;1;Dark;2;48;4;5;4;3;1;415703_81.jpg;4;FAUX;3
4231;1;Dark;1;36;4;6;4;3;1;423103_81.jpg;3;FAUX;1
4113;1;Light;2;48;4;4;3;3;1;411303_81.jpg;3;FAUX;1
4175;1;Dark;1;36;3;5;4;4;1;417503_81.jpg;3;FAUX;1
4208;1;Dark;1;26;4;7;3;6;1;420803_81.jpg;4;FAUX;3
4241;1;Dark;1;39;4;5;3;3;1;424103_81.jpg;4;VRAI;2
4005;1;Dark;1;32;1;5;3;3;1;400503_81.jpg;2;FAUX;1
4106;1;Medium;1;26;4;5;4;3;1;410603_81.jpg;3;FAUX;1
4117;1;Dark;4;62;4;6;2;2;2;411703_81.jpg;3;FAUX;1
4014;1;Dark;1;37;3;7;3;6;1;401403_81.jpg;1;FAUX;1
4111;1;Dark;3;53;3;5;3;3;3;411103_81.jpg;3;FAUX;1
4201;1;Dark;1;26;4;5;3;6;1;420103_81.jpg;3;FAUX;1
4147;1;Dark;1;27;4;6;3;3;1;414703_81.jpg;3;FAUX;1
4242;1;Medium;1;32;4;6;3;4;1;424203_81.jpg;4;VRAI;2
4125;1;Dark;1;28;4;7;4;3;1;412503_81.jpg;2;FAUX;3
4037;1;Light;3;52;1;5;3;3;1;403703_81.jpg;2;FAUX;1
4243;1;Dark;3;53;4;5;3;3;2;424303_81.jpg;3;FAUX;3
4039;1;Dark;4;64;3;2;3;6;1;403903_81.jpg;3;FAUX;1
4038;1;Medium;2;46;1;3;3;3;1;403803_81.jpg;2;FAUX;1
4176;1;Dark;3;54;1;3;3;6;1;417603_81.jpg;2;FAUX;1
4209;1;Dark;1;39;4;7;3;3;1;420903_81.jpg;4;FAUX;3
4177;1;Medium;1;25;1;7;2;3;1;417703_81.jpg;1;FAUX;1
4244;1;Dark;4;67;4;7;3;6;1;424403_81.jpg;3;FAUX;3
4068;1;Dark;2;43;4;4;4;6;5;406803_81.jpg;2;FAUX;3
4075;1;Medium;3;54;4;6;3;3;5;407503_81.jpg;4;FAUX;2
4064;1;Dark;1;25;4;5;4;3;1;406403_81.jpg;3;FAUX;1
4067;1;Dark;1;25;4;3;3;6;1;406703_81.jpg;1;VRAI;1
4261;1;Dark;2;40;2;6;3;4;5;426103_81.jpg;5;FAUX;5
4066;1;Dark;3;52;4;7;3;6;1;406603_81.jpg;2;FAUX;1
4076;1;Dark;1;26;4;5;3;3;1;407603_81.jpg;2;VRAI;1
4178;1;Medium;3;58;1;7;3;6;1;417803_81.jpg;1;VRAI;1
4245;1;Dark;1;25;4;7;3;3;1;424503_81.jpg;3;VRAI;1
4246;1;Medium;1;30;4;4;3;2;1;424603_81.jpg;2;FAUX;1
4072;1;Dark;3;54;3;4;3;3;5;407203_81.jpg;3;VRAI;1
4179;1;Medium;1;27;1;6;2;3;1;417903_81.jpg;2;FAUX;3
4182;1;Dark;1;37;3;6;3;6;1;418203_81.jpg;3;FAUX;1
4183;1;Dark;1;32;1;7;3;3;1;418303_81.jpg;1;VRAI;1
4184;1;Medium;1;26;7;6;4;4;1;418403_81.jpg;1;FAUX;1
4247;1;Dark;1;34;4;5;4;4;1;424703_81.jpg;3;FAUX;3
4210;1;Dark;1;31;5;7;3;6;1;421003_81.jpg;4;FAUX;3
4224;1;Dark;1;27;4;6;3;6;1;422403_81.jpg;2;FAUX;2
4071;1;Dark;1;29;4;7;3;3;1;407103_81.jpg;1;VRAI;1
4248;1;Light;2;40;4;7;3;3;1;424803_81.jpg;3;FAUX;1
4040;1;Medium;3;54;1;4;3;3;3;404003_81.jpg;2;VRAI;2
4185;1;Medium;2;40;1;6;4;3;1;418503_81.jpg;1;FAUX;1
4265;1;Dark;2;43;2;7;4;4;2;426503_81.jpg;5;VRAI;5
4074;1;Medium;4;69;4;2;4;4;5;407403_81.jpg;3;FAUX;1
4254;1;Dark;1;34;4;5;4;3;1;425403_81.jpg;2;FAUX;1
4249;1;Dark;3;56;4;5;3;3;3;424903_81.jpg;3;FAUX;1
4250;1;Medium;3;54;4;5;3;3;1;425003_81.jpg;2;FAUX;2
4114;1;Dark;3;51;4;5;4;4;2;411403_81.jpg;3;FAUX;1
4213;1;Dark;2;49;4;5;4;4;2;421303_81.jpg;5;VRAI;4
4212;1;Dark;1;25;4;6;4;4;1;421203_81.jpg;4;VRAI;3
4130;1;Light;3;52;7;5;4;5;2;413003_81.jpg;3;FAUX;3
4211;1;Dark;1;31;4;7;4;3;2;421103_81.jpg;4;FAUX;4
4264;1;Dark;2;40;2;3;3;3;1;426403_81.jpg;5;FAUX;5
4263;1;Dark;1;28;2;4;4;4;2;426303_81.jpg;5;FAUX;4
4257;1;Dark;3;54;4;5;3;6;1;425703_81.jpg;3;FAUX;3
4159;1;Light;4;62;4;7;3;3;1;415903_81.jpg;4;VRAI;2
4140;1;Medium;3;56;4;5;3;3;1;414003_81.jpg;3;FAUX;3
4186;1;Light;1;27;1;5;3;3;1;418603_81.jpg;1;VRAI;1
4139;1;Dark;1;27;3;5;3;6;1;413903_81.jpg;3;FAUX;1
4180;1;Medium;1;25;1;5;3;6;1;418003_81.jpg;1;FAUX;1
4252;1;Light;2;46;1;5;3;3;1;425203_81.jpg;2;FAUX;1
4133;1;Dark;1;30;4;5;3;3;1;413303_81.jpg;3;FAUX;1
4255;1;Dark;1;27;4;5;4;4;1;425503_81.jpg;2;VRAI;1
4187;1;Dark;4;61;1;6;3;3;2;418703_81.jpg;1;FAUX;1
4220;1;Dark;4;64;2;4;3;3;1;422003_81.jpg;5;FAUX;4
