RESP_FINAL;filename;eval_cluster;single_cluster;Image_SkinCluster
2180;218003_81.jpg;6;VRAI;6
2213;221303_81.jpg;6;VRAI;6
2235;223503_81.jpg;6;VRAI;6
3248;324803_81.jpg;6;VRAI;6
2238;223803_81.jpg;6;VRAI;6
2267;226703_81.jpg;6;VRAI;6
2229;222903_81.jpg;6;VRAI;6
2207;220703_81.jpg;6;VRAI;6
2215;221503_81.jpg;6;VRAI;6
2243;224303_81.jpg;6;VRAI;6
3260;326003_81.jpg;6;VRAI;6
2262;226203_81.jpg;6;VRAI;6
2216;221603_81.jpg;6;VRAI;6
2234;223403_81.jpg;6;VRAI;5
2226;222603_81.jpg;6;VRAI;5
2214;221403_81.jpg;6;VRAI;6
3261;326103_81.jpg;6;VRAI;6
2241;224103_81.jpg;6;VRAI;6
2225;222503_81.jpg;6;VRAI;6
2222;222203_81.jpg;6;VRAI;5
3236;323603_81.jpg;6;VRAI;6
2233;223303_81.jpg;6;VRAI;5
2259;225903_81.jpg;6;VRAI;6
4221;422103_81.jpg;6;VRAI;6
3238;323803_81.jpg;6;VRAI;6
2264;226403_81.jpg;6;VRAI;5
3207;320703_81.jpg;6;VRAI;6
2201;220103_81.jpg;6;VRAI;5
2242;224203_81.jpg;6;VRAI;6
2208;220803_81.jpg;6;VRAI;6
2231;223103_81.jpg;6;VRAI;6
2228;222803_81.jpg;6;VRAI;5
3253;325303_81.jpg;6;VRAI;6
2198;219803_81.jpg;6;VRAI;5
3176;317603_81.jpg;6;VRAI;6
3242;324203_81.jpg;6;VRAI;6
3225;322503_81.jpg;6;VRAI;6
3241;324103_81.jpg;6;VRAI;5
2210;221003_81.jpg;6;VRAI;6
2257;225703_81.jpg;6;VRAI;5
3257;325703_81.jpg;6;VRAI;6
3221;322103_81.jpg;6;VRAI;6
2221;222103_81.jpg;6;VRAI;5
2266;226603_81.jpg;6;VRAI;5
3244;324403_81.jpg;6;VRAI;6
2256;225603_81.jpg;6;VRAI;5
3179;317903_81.jpg;6;VRAI;5
2209;220903_81.jpg;6;VRAI;6
2227;222703_81.jpg;6;VRAI;6
3229;322903_81.jpg;6;VRAI;6
3243;324303_81.jpg;6;VRAI;6
2206;220603_81.jpg;6;VRAI;5
4217;421703_81.jpg;6;VRAI;5
4266;426603_81.jpg;6;VRAI;6
2260;226003_81.jpg;6;VRAI;6
3222;322203_81.jpg;6;VRAI;6
2240;224003_81.jpg;6;VRAI;6
3246;324603_81.jpg;6;VRAI;6
2261;226103_81.jpg;6;FAUX;5
3249;324903_81.jpg;6;VRAI;6
2211;221103_81.jpg;6;FAUX;6
3245;324503_81.jpg;6;VRAI;6
4216;421603_81.jpg;6;FAUX;5
2245;224503_81.jpg;6;FAUX;5
2217;221703_81.jpg;5;FAUX;5
3239;323903_81.jpg;6;FAUX;6
2186;218603_81.jpg;6;FAUX;5
3195;319503_81.jpg;6;FAUX;6
2182;218203_81.jpg;5;FAUX;5
3223;322303_81.jpg;6;FAUX;6
2255;225503_81.jpg;5;FAUX;5
3235;323503_81.jpg;5;FAUX;6
3203;320303_81.jpg;5;FAUX;5
4261;426103_81.jpg;5;FAUX;5
3226;322603_81.jpg;5;FAUX;6
2247;224703_81.jpg;5;FAUX;4
3188;318803_81.jpg;5;FAUX;5
4264;426403_81.jpg;5;FAUX;5
2204;220403_81.jpg;5;FAUX;5
2263;226303_81.jpg;5;FAUX;4
3209;320903_81.jpg;5;FAUX;6
2250;225003_81.jpg;5;FAUX;5
2253;225303_81.jpg;5;FAUX;5
3251;325103_81.jpg;5;FAUX;6
4222;422203_81.jpg;5;FAUX;5
3175;317503_81.jpg;5;VRAI;6
3138;313803_81.jpg;5;VRAI;5
3258;325803_81.jpg;5;VRAI;6
2249;224903_81.jpg;5;FAUX;5
3232;323203_81.jpg;5;VRAI;6
2183;218303_81.jpg;5;VRAI;5
3194;319403_81.jpg;5;VRAI;5
3255;325503_81.jpg;5;VRAI;6
2197;219703_81.jpg;5;VRAI;5
3186;318603_81.jpg;5;VRAI;6
2232;223203_81.jpg;5;VRAI;5
3200;320003_81.jpg;5;VRAI;5
3220;322003_81.jpg;5;VRAI;6
2173;217303_81.jpg;5;VRAI;5
3208;320803_81.jpg;5;VRAI;6
2195;219503_81.jpg;5;VRAI;4
2251;225103_81.jpg;5;VRAI;5
2177;217703_81.jpg;5;VRAI;5
3185;318503_81.jpg;5;VRAI;6
3205;320503_81.jpg;5;VRAI;5
3247;324703_81.jpg;5;VRAI;5
2258;225803_81.jpg;5;VRAI;5
2153;215303_81.jpg;5;VRAI;5
3231;323103_81.jpg;5;VRAI;6
3250;325003_81.jpg;5;VRAI;5
3217;321703_81.jpg;5;VRAI;5
3266;326603_81.jpg;5;VRAI;5
2246;224603_81.jpg;5;VRAI;5
2252;225203_81.jpg;5;VRAI;4
3215;321503_81.jpg;5;VRAI;5
3182;318203_81.jpg;5;VRAI;6
3259;325903_81.jpg;5;VRAI;5
2218;221803_81.jpg;5;VRAI;5
3234;323403_81.jpg;5;VRAI;6
3233;323303_81.jpg;5;VRAI;5
3214;321403_81.jpg;5;VRAI;6
2127;212703_81.jpg;5;VRAI;5
4265;426503_81.jpg;5;VRAI;5
3216;321603_81.jpg;5;VRAI;6
3162;316203_81.jpg;5;VRAI;5
4214;421403_81.jpg;5;VRAI;4
3164;316403_81.jpg;5;VRAI;5
3227;322703_81.jpg;5;VRAI;5
2239;223903_81.jpg;5;VRAI;5
3202;320203_81.jpg;5;VRAI;5
3180;318003_81.jpg;5;VRAI;5
4213;421303_81.jpg;5;VRAI;4
2254;225403_81.jpg;5;VRAI;5
4215;421503_81.jpg;5;VRAI;5
2223;222303_81.jpg;5;VRAI;4
2184;218403_81.jpg;5;VRAI;4
2194;219403_81.jpg;5;VRAI;4
2236;223603_81.jpg;5;VRAI;4
2219;221903_81.jpg;5;VRAI;4
3224;322403_81.jpg;5;VRAI;5
3210;321003_81.jpg;5;VRAI;5
2212;221203_81.jpg;5;VRAI;5
2237;223703_81.jpg;5;VRAI;4
3206;320603_81.jpg;5;VRAI;5
2013;201303_81.jpg;5;VRAI;4
3177;317703_81.jpg;5;VRAI;5
3218;321803_81.jpg;5;VRAI;5
3228;322803_81.jpg;5;FAUX;5
3191;319103_81.jpg;5;VRAI;5
3196;319603_81.jpg;5;FAUX;5
3211;321103_81.jpg;5;FAUX;5
2104;210403_81.jpg;5;FAUX;5
3184;318403_81.jpg;5;FAUX;5
3219;321903_81.jpg;5;FAUX;5
4263;426303_81.jpg;5;FAUX;4
4220;422003_81.jpg;5;FAUX;4
2265;226503_81.jpg;5;FAUX;4
4207;420703_81.jpg;5;FAUX;4
4218;421803_81.jpg;5;FAUX;4
3090;309003_81.jpg;5;FAUX;5
3237;323703_81.jpg;5;FAUX;5
4162;416203_81.jpg;4;FAUX;2
2136;213603_81.jpg;4;FAUX;3
2151;215103_81.jpg;5;FAUX;4
3163;316303_81.jpg;5;FAUX;5
3192;319203_81.jpg;4;FAUX;4
2146;214603_81.jpg;4;FAUX;4
4206;420603_81.jpg;5;FAUX;4
3254;325403_81.jpg;5;FAUX;4
2199;219903_81.jpg;4;FAUX;4
3161;316103_81.jpg;5;FAUX;4
3240;324003_81.jpg;4;FAUX;5
3256;325603_81.jpg;5;FAUX;4
4211;421103_81.jpg;4;FAUX;4
3193;319303_81.jpg;5;VRAI;5
2244;224403_81.jpg;5;FAUX;3
2046;204603_81.jpg;4;FAUX;4
4242;424203_81.jpg;4;VRAI;2
4219;421903_81.jpg;5;FAUX;4
3178;317803_81.jpg;5;FAUX;5
4209;420903_81.jpg;4;FAUX;3
2148;214803_81.jpg;4;VRAI;4
2200;220003_81.jpg;4;VRAI;4
4165;416503_81.jpg;4;VRAI;4
2230;223003_81.jpg;4;VRAI;5
3201;320103_81.jpg;5;FAUX;5
3154;315403_81.jpg;4;VRAI;5
2174;217403_81.jpg;5;FAUX;4
1127;112703_81.jpg;4;VRAI;4
2161;216103_81.jpg;4;VRAI;4
2224;222403_81.jpg;4;VRAI;4
2092;209203_81.jpg;4;VRAI;4
2193;219303_81.jpg;5;VRAI;4
1129;112903_81.jpg;4;VRAI;4
4212;421203_81.jpg;4;VRAI;3
3086;308603_81.jpg;4;VRAI;4
3197;319703_81.jpg;4;VRAI;4
3121;312103_81.jpg;4;VRAI;4
1121;112103_81.jpg;4;VRAI;4
2054;205403_81.jpg;4;VRAI;3
4238;423803_81.jpg;4;VRAI;3
3252;325203_81.jpg;4;VRAI;4
2075;207503_81.jpg;4;VRAI;2
2160;216003_81.jpg;4;VRAI;4
2202;220203_81.jpg;4;VRAI;4
2190;219003_81.jpg;4;VRAI;3
4158;415803_81.jpg;4;VRAI;3
4167;416703_81.jpg;4;FAUX;4
2086;208603_81.jpg;4;VRAI;3
2140;214003_81.jpg;4;VRAI;2
1103;110303_81.jpg;4;VRAI;4
4241;424103_81.jpg;4;VRAI;2
2248;224803_81.jpg;4;FAUX;3
1132;113203_81.jpg;4;VRAI;4
4145;414503_81.jpg;4;VRAI;3
4134;413403_81.jpg;4;FAUX;3
3110;311003_81.jpg;4;VRAI;4
4151;415103_81.jpg;4;FAUX;3
2176;217603_81.jpg;4;VRAI;3
2191;219103_81.jpg;4;VRAI;4
3134;313403_81.jpg;4;FAUX;4
2138;213803_81.jpg;4;FAUX;4
4161;416103_81.jpg;4;FAUX;3
2070;207003_81.jpg;4;VRAI;4
3082;308203_81.jpg;4;FAUX;4
4132;413203_81.jpg;4;FAUX;3
3107;310703_81.jpg;4;VRAI;4
4163;416303_81.jpg;4;VRAI;4
2142;214203_81.jpg;4;FAUX;4
2187;218703_81.jpg;4;FAUX;4
1063;106303_81.jpg;4;FAUX;2
2048;204803_81.jpg;4;FAUX;3
3165;316503_81.jpg;4;FAUX;4
1072;107203_81.jpg;4;FAUX;4
2065;206503_81.jpg;4;FAUX;3
4208;420803_81.jpg;4;FAUX;3
4166;416603_81.jpg;4;FAUX;4
2016;201603_81.jpg;4;FAUX;3
1092;109203_81.jpg;4;VRAI;2
3141;314103_81.jpg;4;FAUX;4
2010;201003_81.jpg;4;VRAI;2
4130;413003_81.jpg;3;FAUX;3
2145;214503_81.jpg;3;FAUX;3
2037;203703_81.jpg;4;VRAI;2
4159;415903_81.jpg;4;VRAI;2
2089;208903_81.jpg;3;FAUX;2
3170;317003_81.jpg;4;FAUX;4
4128;412803_81.jpg;4;VRAI;2
1104;110403_81.jpg;4;FAUX;4
2196;219603_81.jpg;4;FAUX;4
2052;205203_81.jpg;4;FAUX;3
3159;315903_81.jpg;4;VRAI;2
2128;212803_81.jpg;4;FAUX;3
4148;414803_81.jpg;4;FAUX;3
2130;213003_81.jpg;4;FAUX;4
2047;204703_81.jpg;4;FAUX;3
2139;213903_81.jpg;4;FAUX;3
4154;415403_81.jpg;4;FAUX;3
3167;316703_81.jpg;4;FAUX;4
3124;312403_81.jpg;4;FAUX;4
4090;409003_81.jpg;4;VRAI;2
2163;216303_81.jpg;4;FAUX;3
3204;320403_81.jpg;4;FAUX;4
2192;219203_81.jpg;4;FAUX;3
2073;207303_81.jpg;4;VRAI;2
3168;316803_81.jpg;3;FAUX;3
2090;209003_81.jpg;4;FAUX;2
2166;216603_81.jpg;4;FAUX;3
3116;311603_81.jpg;4;FAUX;4
4234;423403_81.jpg;4;FAUX;3
1094;109403_81.jpg;4;FAUX;4
4240;424003_81.jpg;4;FAUX;3
3198;319803_81.jpg;4;FAUX;4
1135;113503_81.jpg;4;FAUX;2
1146;114603_81.jpg;4;FAUX;4
4143;414303_81.jpg;4;FAUX;3
3166;316603_81.jpg;4;FAUX;4
2001;200103_81.jpg;4;FAUX;2
1100;110003_81.jpg;4;FAUX;3
4210;421003_81.jpg;4;FAUX;3
2106;210603_81.jpg;4;FAUX;3
2179;217903_81.jpg;3;FAUX;3
4112;411203_81.jpg;3;FAUX;3
2149;214903_81.jpg;4;FAUX;2
2220;222003_81.jpg;3;FAUX;3
2159;215903_81.jpg;3;FAUX;3
4138;413803_81.jpg;4;FAUX;3
2021;202103_81.jpg;3;FAUX;3
4157;415703_81.jpg;4;FAUX;3
2053;205303_81.jpg;4;FAUX;4
2108;210803_81.jpg;4;FAUX;3
3133;313303_81.jpg;4;FAUX;4
3140;314003_81.jpg;4;FAUX;4
4155;415503_81.jpg;4;FAUX;3
3135;313503_81.jpg;4;FAUX;4
1130;113003_81.jpg;3;FAUX;4
4236;423603_81.jpg;3;FAUX;3
3139;313903_81.jpg;4;FAUX;4
3132;313203_81.jpg;3;FAUX;4
3172;317203_81.jpg;4;FAUX;4
4193;419303_81.jpg;2;FAUX;2
3112;311203_81.jpg;3;FAUX;4
4100;410003_81.jpg;4;FAUX;2
1128;112803_81.jpg;3;FAUX;4
4146;414603_81.jpg;3;FAUX;3
1068;106803_81.jpg;3;FAUX;3
2034;203403_81.jpg;3;FAUX;3
4239;423903_81.jpg;3;FAUX;3
3150;315003_81.jpg;3;FAUX;4
3137;313703_81.jpg;4;FAUX;4
3146;314603_81.jpg;3;FAUX;4
4075;407503_81.jpg;4;FAUX;2
2088;208803_81.jpg;4;FAUX;3
2078;207803_81.jpg;4;FAUX;3
1126;112603_81.jpg;4;FAUX;4
4260;426003_81.jpg;3;VRAI;3
2157;215703_81.jpg;4;FAUX;2
2170;217003_81.jpg;3;FAUX;3
2203;220303_81.jpg;3;FAUX;3
4115;411503_81.jpg;4;FAUX;3
4250;425003_81.jpg;2;FAUX;2
3187;318703_81.jpg;3;FAUX;4
3035;303503_81.jpg;2;FAUX;2
2178;217803_81.jpg;3;VRAI;3
2162;216203_81.jpg;3;FAUX;4
2137;213703_81.jpg;4;FAUX;2
4141;414103_81.jpg;3;FAUX;3
3094;309403_81.jpg;4;FAUX;4
4235;423503_81.jpg;3;FAUX;3
2007;200703_81.jpg;3;FAUX;3
4142;414203_81.jpg;3;VRAI;1
4164;416403_81.jpg;3;FAUX;3
1122;112203_81.jpg;3;VRAI;4
4226;422603_81.jpg;3;FAUX;3
4252;425203_81.jpg;2;FAUX;1
2116;211603_81.jpg;2;FAUX;2
3046;304603_81.jpg;3;FAUX;4
4229;422903_81.jpg;3;FAUX;1
3128;312803_81.jpg;3;FAUX;4
1085;108503_81.jpg;4;FAUX;4
1051;105103_81.jpg;2;FAUX;2
3061;306103_81.jpg;3;FAUX;4
4205;420503_81.jpg;3;VRAI;3
3199;319903_81.jpg;3;VRAI;3
3008;300803_81.jpg;2;FAUX;3
2015;201503_81.jpg;3;VRAI;1
1048;104803_81.jpg;2;FAUX;2
2112;211203_81.jpg;2;FAUX;1
2043;204303_81.jpg;2;FAUX;3
2156;215603_81.jpg;3;VRAI;3
1069;106903_81.jpg;2;FAUX;2
4152;415203_81.jpg;3;FAUX;3
1105;110503_81.jpg;3;VRAI;4
4082;408203_81.jpg;3;VRAI;3
1125;112503_81.jpg;3;VRAI;4
4127;412703_81.jpg;3;FAUX;1
3190;319003_81.jpg;2;FAUX;4
4068;406803_81.jpg;2;FAUX;3
1089;108903_81.jpg;3;FAUX;4
4102;410203_81.jpg;2;FAUX;2
4243;424303_81.jpg;3;FAUX;3
3014;301403_81.jpg;2;FAUX;4
3125;312503_81.jpg;3;FAUX;4
4040;404003_81.jpg;2;VRAI;2
3104;310403_81.jpg;2;FAUX;4
3144;314403_81.jpg;3;VRAI;4
4156;415603_81.jpg;3;FAUX;3
2033;203303_81.jpg;3;VRAI;3
1052;105203_81.jpg;4;FAUX;2
1112;111203_81.jpg;2;FAUX;2
4150;415003_81.jpg;3;VRAI;3
2057;205703_81.jpg;2;VRAI;2
3126;312603_81.jpg;3;VRAI;4
3108;310803_81.jpg;3;FAUX;2
4131;413103_81.jpg;3;FAUX;3
1084;108403_81.jpg;3;VRAI;4
2155;215503_81.jpg;3;FAUX;3
4091;409103_81.jpg;3;FAUX;1
1053;105303_81.jpg;2;FAUX;2
3058;305803_81.jpg;3;FAUX;4
1111;111103_81.jpg;3;FAUX;2
3157;315703_81.jpg;3;FAUX;4
3050;305003_81.jpg;2;FAUX;4
4224;422403_81.jpg;2;FAUX;2
2060;206003_81.jpg;2;VRAI;2
1123;112303_81.jpg;3;FAUX;4
1097;109703_81.jpg;4;FAUX;2
2099;209903_81.jpg;3;VRAI;3
4059;405903_81.jpg;2;FAUX;1
2058;205803_81.jpg;2;FAUX;3
2031;203103_81.jpg;3;FAUX;3
4228;422803_81.jpg;3;VRAI;3
2051;205103_81.jpg;3;FAUX;1
2189;218903_81.jpg;2;FAUX;1
4123;412303_81.jpg;3;FAUX;3
2038;203803_81.jpg;2;FAUX;1
1087;108703_81.jpg;3;VRAI;4
2115;211503_81.jpg;3;VRAI;3
3074;307403_81.jpg;2;VRAI;2
1070;107003_81.jpg;3;FAUX;4
4233;423303_81.jpg;3;VRAI;3
3113;311303_81.jpg;3;FAUX;4
4244;424403_81.jpg;3;FAUX;3
2126;212603_81.jpg;4;FAUX;2
3070;307003_81.jpg;3;FAUX;4
4084;408403_81.jpg;4;FAUX;3
2181;218103_81.jpg;3;VRAI;3
1065;106503_81.jpg;3;VRAI;4
2188;218803_81.jpg;3;FAUX;1
4153;415303_81.jpg;3;VRAI;3
3059;305903_81.jpg;3;FAUX;4
3013;301303_81.jpg;2;VRAI;2
2017;201703_81.jpg;3;VRAI;3
2094;209403_81.jpg;3;FAUX;3
4147;414703_81.jpg;3;FAUX;1
4232;423203_81.jpg;2;VRAI;3
4176;417603_81.jpg;2;FAUX;1
2040;204003_81.jpg;2;FAUX;2
4074;407403_81.jpg;3;FAUX;1
1133;113303_81.jpg;3;FAUX;2
1003;100303_81.jpg;2;FAUX;2
2111;211103_81.jpg;2;VRAI;1
2022;202203_81.jpg;2;FAUX;1
4101;410103_81.jpg;3;FAUX;3
2056;205603_81.jpg;3;FAUX;3
1047;104703_81.jpg;2;VRAI;2
3153;315303_81.jpg;3;VRAI;3
1061;106103_81.jpg;2;FAUX;3
3065;306503_81.jpg;2;FAUX;3
3042;304203_81.jpg;3;VRAI;4
4257;425703_81.jpg;3;FAUX;3
3002;300203_81.jpg;2;VRAI;2
4110;411003_81.jpg;3;VRAI;3
1049;104903_81.jpg;2;FAUX;4
2122;212203_81.jpg;2;FAUX;1
2185;218503_81.jpg;2;VRAI;2
2024;202403_81.jpg;3;VRAI;3
4133;413303_81.jpg;3;FAUX;1
1088;108803_81.jpg;2;FAUX;2
4225;422503_81.jpg;2;VRAI;3
1098;109803_81.jpg;3;VRAI;3
4246;424603_81.jpg;2;FAUX;1
2083;208303_81.jpg;2;FAUX;1
3011;301103_81.jpg;2;VRAI;2
2071;207103_81.jpg;3;FAUX;1
2081;208103_81.jpg;2;VRAI;2
1001;100103_81.jpg;2;VRAI;2
4098;409803_81.jpg;3;FAUX;3
3111;311103_81.jpg;2;FAUX;3
3081;308103_81.jpg;3;VRAI;4
2055;205503_81.jpg;3;FAUX;3
2107;210703_81.jpg;3;FAUX;3
4140;414003_81.jpg;3;FAUX;3
2069;206903_81.jpg;2;VRAI;2
2164;216403_81.jpg;3;VRAI;3
2061;206103_81.jpg;3;FAUX;1
2009;200903_81.jpg;2;VRAI;2
3101;310103_81.jpg;2;VRAI;4
2134;213403_81.jpg;3;FAUX;1
4093;409303_81.jpg;3;VRAI;3
2063;206303_81.jpg;3;FAUX;1
4114;411403_81.jpg;3;FAUX;1
4122;412203_81.jpg;3;VRAI;1
3127;312703_81.jpg;3;VRAI;4
4125;412503_81.jpg;2;FAUX;3
3015;301503_81.jpg;2;VRAI;2
3079;307903_81.jpg;3;VRAI;4
3114;311403_81.jpg;3;FAUX;4
3096;309603_81.jpg;3;FAUX;4
3129;312903_81.jpg;2;VRAI;2
1077;107703_81.jpg;3;VRAI;4
4053;405303_81.jpg;3;FAUX;3
2098;209803_81.jpg;2;VRAI;2
2124;212403_81.jpg;2;VRAI;1
2152;215203_81.jpg;4;FAUX;2
1099;109903_81.jpg;2;VRAI;2
1096;109603_81.jpg;4;FAUX;4
3109;310903_81.jpg;2;FAUX;4
4249;424903_81.jpg;3;FAUX;1
2109;210903_81.jpg;2;FAUX;3
2096;209603_81.jpg;2;VRAI;2
3067;306703_81.jpg;2;VRAI;2
2169;216903_81.jpg;2;VRAI;2
3169;316903_81.jpg;3;VRAI;3
4107;410703_81.jpg;3;FAUX;3
4136;413603_81.jpg;3;FAUX;1
2008;200803_81.jpg;2;FAUX;3
4103;410303_81.jpg;3;VRAI;3
2095;209503_81.jpg;2;VRAI;1
2172;217203_81.jpg;2;VRAI;2
3173;317303_81.jpg;3;VRAI;4
4179;417903_81.jpg;2;FAUX;3
2035;203503_81.jpg;3;FAUX;3
2014;201403_81.jpg;2;FAUX;1
1067;106703_81.jpg;2;VRAI;2
1116;111603_81.jpg;3;FAUX;3
3019;301903_81.jpg;2;VRAI;2
2012;201203_81.jpg;2;VRAI;1
3003;300303_81.jpg;2;VRAI;2
4191;419103_81.jpg;2;FAUX;3
3102;310203_81.jpg;3;VRAI;4
4029;402903_81.jpg;2;VRAI;1
3120;312003_81.jpg;2;VRAI;2
4077;407703_81.jpg;2;FAUX;1
4126;412603_81.jpg;3;FAUX;3
4104;410403_81.jpg;3;VRAI;1
3073;307303_81.jpg;2;VRAI;2
4044;404403_81.jpg;2;VRAI;1
4099;409903_81.jpg;3;FAUX;1
4109;410903_81.jpg;3;FAUX;3
2121;212103_81.jpg;3;FAUX;1
4094;409403_81.jpg;3;FAUX;1
4069;406903_81.jpg;3;VRAI;1
2028;202803_81.jpg;3;VRAI;1
4086;408603_81.jpg;3;VRAI;1
3027;302703_81.jpg;2;VRAI;2
4149;414903_81.jpg;3;VRAI;3
2205;220503_81.jpg;2;VRAI;2
3007;300703_81.jpg;2;VRAI;2
4072;407203_81.jpg;3;VRAI;1
4070;407003_81.jpg;3;FAUX;1
4135;413503_81.jpg;2;FAUX;3
2105;210503_81.jpg;2;FAUX;2
2080;208003_81.jpg;2;VRAI;2
4051;405103_81.jpg;3;FAUX;1
2147;214703_81.jpg;2;VRAI;1
4200;420003_81.jpg;3;VRAI;3
4253;425303_81.jpg;3;VRAI;3
4005;400503_81.jpg;2;FAUX;1
2042;204203_81.jpg;3;FAUX;1
4081;408103_81.jpg;3;VRAI;3
3136;313603_81.jpg;3;FAUX;3
1076;107603_81.jpg;2;VRAI;2
4118;411803_81.jpg;2;VRAI;2
2074;207403_81.jpg;3;VRAI;3
3078;307803_81.jpg;2;VRAI;2
4231;423103_81.jpg;3;FAUX;1
2082;208203_81.jpg;2;VRAI;1
2020;202003_81.jpg;3;FAUX;1
3001;300103_81.jpg;2;VRAI;2
3054;305403_81.jpg;3;FAUX;4
3009;300903_81.jpg;3;FAUX;3
4079;407903_81.jpg;2;FAUX;1
3183;318303_81.jpg;3;FAUX;4
4203;420303_81.jpg;3;FAUX;1
3077;307703_81.jpg;2;VRAI;2
2103;210303_81.jpg;2;VRAI;2
4062;406203_81.jpg;3;FAUX;1
2102;210203_81.jpg;3;FAUX;3
2006;200603_81.jpg;2;VRAI;2
4052;405203_81.jpg;2;VRAI;1
4033;403303_81.jpg;3;FAUX;1
3103;310303_81.jpg;3;FAUX;3
2167;216703_81.jpg;3;FAUX;1
4119;411903_81.jpg;3;FAUX;3
3032;303203_81.jpg;3;FAUX;3
4041;404103_81.jpg;2;FAUX;1
4026;402603_81.jpg;2;FAUX;1
2019;201903_81.jpg;2;VRAI;1
2036;203603_81.jpg;3;FAUX;3
3048;304803_81.jpg;2;VRAI;2
4175;417503_81.jpg;3;FAUX;1
2144;214403_81.jpg;2;VRAI;2
2097;209703_81.jpg;2;FAUX;2
2064;206403_81.jpg;2;FAUX;2
2050;205003_81.jpg;2;VRAI;2
4085;408503_81.jpg;3;VRAI;1
4111;411103_81.jpg;3;FAUX;1
1017;101703_81.jpg;2;VRAI;2
2119;211903_81.jpg;3;VRAI;3
4245;424503_81.jpg;3;VRAI;1
4007;400703_81.jpg;2;VRAI;2
1027;102703_81.jpg;2;FAUX;2
1071;107103_81.jpg;2;VRAI;2
4113;411303_81.jpg;3;FAUX;1
2113;211303_81.jpg;3;FAUX;1
4199;419903_81.jpg;3;VRAI;1
3092;309203_81.jpg;3;FAUX;3
4201;420103_81.jpg;3;FAUX;1
4003;400303_81.jpg;2;VRAI;1
2158;215803_81.jpg;2;FAUX;3
2005;200503_81.jpg;3;VRAI;1
2171;217103_81.jpg;2;VRAI;1
3100;310003_81.jpg;2;VRAI;3
4182;418203_81.jpg;3;FAUX;1
2023;202303_81.jpg;2;VRAI;1
3145;314503_81.jpg;2;FAUX;3
2100;210003_81.jpg;2;FAUX;1
2132;213203_81.jpg;2;VRAI;1
4223;422303_81.jpg;3;VRAI;1
3066;306603_81.jpg;2;VRAI;2
2150;215003_81.jpg;3;FAUX;3
4096;409603_81.jpg;2;FAUX;1
4092;409203_81.jpg;3;FAUX;1
4202;420203_81.jpg;3;FAUX;1
4204;420403_81.jpg;2;FAUX;3
3068;306803_81.jpg;2;VRAI;2
2091;209103_81.jpg;2;VRAI;1
2154;215403_81.jpg;2;VRAI;1
2168;216803_81.jpg;2;VRAI;2
4196;419603_81.jpg;2;VRAI;1
3123;312303_81.jpg;2;FAUX;3
3156;315603_81.jpg;2;VRAI;3
1075;107503_81.jpg;2;FAUX;2
1093;109303_81.jpg;3;FAUX;3
3160;316003_81.jpg;2;VRAI;3
3119;311903_81.jpg;2;VRAI;2
3152;315203_81.jpg;3;FAUX;3
4121;412103_81.jpg;3;FAUX;1
3037;303703_81.jpg;2;VRAI;3
4237;423703_81.jpg;3;VRAI;1
2026;202603_81.jpg;2;VRAI;2
2110;211003_81.jpg;3;FAUX;3
3030;303003_81.jpg;2;FAUX;3
1062;106203_81.jpg;2;VRAI;2
4042;404203_81.jpg;2;VRAI;1
4095;409503_81.jpg;3;VRAI;1
3085;308503_81.jpg;2;VRAI;3
1016;101603_81.jpg;2;VRAI;2
2101;210103_81.jpg;2;VRAI;2
3115;311503_81.jpg;2;VRAI;3
2059;205903_81.jpg;3;VRAI;1
4230;423003_81.jpg;3;FAUX;1
1035;103503_81.jpg;3;FAUX;2
3076;307603_81.jpg;3;VRAI;4
2076;207603_81.jpg;2;FAUX;3
4089;408903_81.jpg;2;FAUX;1
3130;313003_81.jpg;3;FAUX;4
4144;414403_81.jpg;3;FAUX;1
4129;412903_81.jpg;3;VRAI;3
3063;306303_81.jpg;2;VRAI;2
3155;315503_81.jpg;2;FAUX;2
4189;418903_81.jpg;3;FAUX;1
1055;105503_81.jpg;3;FAUX;2
4192;419203_81.jpg;3;FAUX;1
3023;302303_81.jpg;2;VRAI;2
4117;411703_81.jpg;3;FAUX;1
4247;424703_81.jpg;3;FAUX;3
4190;419003_81.jpg;3;VRAI;1
2032;203203_81.jpg;3;FAUX;3
4065;406503_81.jpg;2;VRAI;1
3084;308403_81.jpg;3;VRAI;4
2004;200403_81.jpg;2;VRAI;3
4060;406003_81.jpg;3;FAUX;1
4078;407803_81.jpg;3;FAUX;1
2039;203903_81.jpg;2;FAUX;2
3071;307103_81.jpg;2;VRAI;3
3056;305603_81.jpg;2;VRAI;3
1056;105603_81.jpg;2;FAUX;2
3034;303403_81.jpg;2;VRAI;2
4080;408003_81.jpg;3;FAUX;1
3099;309903_81.jpg;2;VRAI;2
3043;304303_81.jpg;2;VRAI;2
4106;410603_81.jpg;3;FAUX;1
4124;412403_81.jpg;2;FAUX;3
1050;105003_81.jpg;2;FAUX;2
3093;309303_81.jpg;3;FAUX;4
4054;405403_81.jpg;2;VRAI;1
4048;404803_81.jpg;3;FAUX;1
1013;101303_81.jpg;3;FAUX;3
4061;406103_81.jpg;3;VRAI;1
4255;425503_81.jpg;2;VRAI;1
4049;404903_81.jpg;2;VRAI;1
4037;403703_81.jpg;2;FAUX;1
1026;102603_81.jpg;2;VRAI;2
4254;425403_81.jpg;2;FAUX;1
4058;405803_81.jpg;3;FAUX;1
4056;405603_81.jpg;1;FAUX;1
4034;403403_81.jpg;2;FAUX;1
4105;410503_81.jpg;3;FAUX;1
4076;407603_81.jpg;2;VRAI;1
3143;314303_81.jpg;2;VRAI;3
1073;107303_81.jpg;3;FAUX;3
4227;422703_81.jpg;3;FAUX;3
3040;304003_81.jpg;2;VRAI;2
1082;108203_81.jpg;2;VRAI;2
3181;318103_81.jpg;2;VRAI;3
4012;401203_81.jpg;2;VRAI;1
3151;315103_81.jpg;2;VRAI;2
3105;310503_81.jpg;3;FAUX;4
4038;403803_81.jpg;2;FAUX;1
3131;313103_81.jpg;2;FAUX;2
1043;104303_81.jpg;2;FAUX;2
3189;318903_81.jpg;2;VRAI;3
4014;401403_81.jpg;1;FAUX;1
2093;209303_81.jpg;2;VRAI;1
4198;419803_81.jpg;3;FAUX;3
3080;308003_81.jpg;2;FAUX;3
3087;308703_81.jpg;2;VRAI;2
4195;419503_81.jpg;2;FAUX;1
2079;207903_81.jpg;2;FAUX;2
3097;309703_81.jpg;2;VRAI;2
2131;213103_81.jpg;3;FAUX;1
3045;304503_81.jpg;3;FAUX;3
2125;212503_81.jpg;2;VRAI;1
3117;311703_81.jpg;2;VRAI;2
4020;402003_81.jpg;2;VRAI;1
4097;409703_81.jpg;2;FAUX;1
4055;405503_81.jpg;2;FAUX;1
2114;211403_81.jpg;1;FAUX;1
3047;304703_81.jpg;2;FAUX;3
3064;306403_81.jpg;2;VRAI;2
4045;404503_81.jpg;3;FAUX;1
2049;204903_81.jpg;2;FAUX;2
1010;101003_81.jpg;2;FAUX;2
4039;403903_81.jpg;3;FAUX;1
1030;103003_81.jpg;2;VRAI;2
4064;406403_81.jpg;3;FAUX;1
3088;308803_81.jpg;3;FAUX;3
2062;206203_81.jpg;3;FAUX;3
1022;102203_81.jpg;2;VRAI;2
4023;402303_81.jpg;2;FAUX;1
4008;400803_81.jpg;2;VRAI;2
2068;206803_81.jpg;2;VRAI;2
1008;100803_81.jpg;3;FAUX;3
3004;300403_81.jpg;2;FAUX;2
2129;212903_81.jpg;2;VRAI;2
2141;214103_81.jpg;3;FAUX;1
4066;406603_81.jpg;2;FAUX;1
2123;212303_81.jpg;2;VRAI;1
1115;111503_81.jpg;2;FAUX;2
4006;400603_81.jpg;2;VRAI;1
4108;410803_81.jpg;2;FAUX;1
2120;212003_81.jpg;3;FAUX;1
3174;317403_81.jpg;2;FAUX;3
4083;408303_81.jpg;3;FAUX;1
3072;307203_81.jpg;2;FAUX;2
1080;108003_81.jpg;2;FAUX;2
4002;400203_81.jpg;3;FAUX;3
1009;100903_81.jpg;3;FAUX;2
4139;413903_81.jpg;3;FAUX;1
3095;309503_81.jpg;2;VRAI;2
3024;302403_81.jpg;2;FAUX;3
3075;307503_81.jpg;3;FAUX;3
4046;404603_81.jpg;2;FAUX;1
2002;200203_81.jpg;2;FAUX;1
4088;408803_81.jpg;1;FAUX;1
3062;306203_81.jpg;2;FAUX;3
4032;403203_81.jpg;3;FAUX;1
4185;418503_81.jpg;1;FAUX;1
1014;101403_81.jpg;2;FAUX;2
2118;211803_81.jpg;2;FAUX;1
4024;402403_81.jpg;2;FAUX;1
4073;407303_81.jpg;1;FAUX;1
2066;206603_81.jpg;1;FAUX;1
2143;214303_81.jpg;2;FAUX;3
2087;208703_81.jpg;2;FAUX;1
3028;302803_81.jpg;2;FAUX;3
4197;419703_81.jpg;2;FAUX;1
1057;105703_81.jpg;2;FAUX;2
2018;201803_81.jpg;3;FAUX;1
3122;312203_81.jpg;3;FAUX;4
4194;419403_81.jpg;1;FAUX;1
4016;401603_81.jpg;1;FAUX;1
3022;302203_81.jpg;1;FAUX;3
1078;107803_81.jpg;3;FAUX;3
4177;417703_81.jpg;1;FAUX;1
4172;417203_81.jpg;3;FAUX;1
1066;106603_81.jpg;1;FAUX;3
4057;405703_81.jpg;3;FAUX;1
2003;200303_81.jpg;1;VRAI;1
2165;216503_81.jpg;1;FAUX;1
4013;401303_81.jpg;2;FAUX;2
3033;303303_81.jpg;2;FAUX;2
2027;202703_81.jpg;2;FAUX;1
3083;308303_81.jpg;1;FAUX;3
1064;106403_81.jpg;1;FAUX;2
4168;416803_81.jpg;1;FAUX;1
4087;408703_81.jpg;1;FAUX;1
1059;105903_81.jpg;1;VRAI;3
3055;305503_81.jpg;1;FAUX;3
4010;401003_81.jpg;1;FAUX;1
2044;204403_81.jpg;1;FAUX;1
3118;311803_81.jpg;2;FAUX;3
4184;418403_81.jpg;1;FAUX;1
3018;301803_81.jpg;2;VRAI;2
3036;303603_81.jpg;2;FAUX;2
3089;308903_81.jpg;1;VRAI;3
3142;314203_81.jpg;1;FAUX;2
3029;302903_81.jpg;1;FAUX;3
2067;206703_81.jpg;2;FAUX;1
3031;303103_81.jpg;1;VRAI;3
4019;401903_81.jpg;1;VRAI;1
4187;418703_81.jpg;1;FAUX;1
1006;100603_81.jpg;1;FAUX;2
4009;400903_81.jpg;1;FAUX;1
3005;300503_81.jpg;1;VRAI;3
3158;315803_81.jpg;1;FAUX;3
4021;402103_81.jpg;1;VRAI;1
3148;314803_81.jpg;1;VRAI;3
4067;406703_81.jpg;1;VRAI;1
4047;404703_81.jpg;1;VRAI;1
2041;204103_81.jpg;1;FAUX;1
4116;411603_81.jpg;1;VRAI;1
4025;402503_81.jpg;1;FAUX;1
4036;403603_81.jpg;1;FAUX;1
2133;213303_81.jpg;2;FAUX;1
3098;309803_81.jpg;1;FAUX;2
3053;305303_81.jpg;1;FAUX;2
4183;418303_81.jpg;1;VRAI;1
3039;303903_81.jpg;1;VRAI;3
3051;305103_81.jpg;2;FAUX;2
4004;400403_81.jpg;1;FAUX;1
4028;402803_81.jpg;1;VRAI;1
4030;403003_81.jpg;1;VRAI;1
3091;309103_81.jpg;1;VRAI;3
1024;102403_81.jpg;1;FAUX;2
2045;204503_81.jpg;1;VRAI;1
4178;417803_81.jpg;1;VRAI;1
4169;416903_81.jpg;1;FAUX;1
2084;208403_81.jpg;1;VRAI;1
4248;424803_81.jpg;3;FAUX;1
3012;301203_81.jpg;1;VRAI;2
3016;301603_81.jpg;1;VRAI;3
4017;401703_81.jpg;1;FAUX;1
1021;102103_81.jpg;1;VRAI;2
4018;401803_81.jpg;1;VRAI;1
3060;306003_81.jpg;1;VRAI;3
2117;211703_81.jpg;1;VRAI;1
4050;405003_81.jpg;1;VRAI;1
3010;301003_81.jpg;1;FAUX;3
3017;301703_81.jpg;1;FAUX;2
2175;217503_81.jpg;1;FAUX;1
3106;310603_81.jpg;1;FAUX;3
4022;402203_81.jpg;1;VRAI;1
3149;314903_81.jpg;1;VRAI;3
3041;304103_81.jpg;1;VRAI;3
2072;207203_81.jpg;1;VRAI;1
2135;213503_81.jpg;2;FAUX;1
3025;302503_81.jpg;1;VRAI;2
4027;402703_81.jpg;1;VRAI;1
3044;304403_81.jpg;1;VRAI;3
3049;304903_81.jpg;1;VRAI;3
4186;418603_81.jpg;1;VRAI;1
2025;202503_81.jpg;1;VRAI;1
3021;302103_81.jpg;1;VRAI;3
3069;306903_81.jpg;1;VRAI;3
4043;404303_81.jpg;1;VRAI;1
2085;208503_81.jpg;1;VRAI;1
3147;314703_81.jpg;1;VRAI;2
4035;403503_81.jpg;1;VRAI;1
3006;300603_81.jpg;1;VRAI;3
2029;202903_81.jpg;1;FAUX;2
3052;305203_81.jpg;1;VRAI;2
4173;417303_81.jpg;1;VRAI;1
2077;207703_81.jpg;1;VRAI;1
4071;407103_81.jpg;1;VRAI;1
4063;406303_81.jpg;1;VRAI;1
4011;401103_81.jpg;1;VRAI;1
1054;105403_81.jpg;1;VRAI;2
2011;201103_81.jpg;1;FAUX;1
4181;418103_81.jpg;1;VRAI;1
4174;417403_81.jpg;1;VRAI;1
3038;303803_81.jpg;1;VRAI;3
3026;302603_81.jpg;1;FAUX;2
4120;412003_81.jpg;1;VRAI;1
1005;100503_81.jpg;1;VRAI;2
4180;418003_81.jpg;1;FAUX;1
3020;302003_81.jpg;1;VRAI;2
4001;400103_81.jpg;1;VRAI;1
4015;401503_81.jpg;1;VRAI;1
4170;417003_81.jpg;1;VRAI;1
4171;417103_81.jpg;1;VRAI;1
4031;403103_81.jpg;1;VRAI;1
2030;203003_81.jpg;1;VRAI;1
1018;101803_81.jpg;1;VRAI;1
